2024-03-09 18:02:33,491 [Worker-2: Loading available Gradle versions] INFO  o.e.b.c.i.u.g.PublishedGradleVersions - Gradle version information cache is up-to-date. Trying to read.
2024-03-09 18:14:37,943 [Worker-17: Building] INFO  o.e.m.c.i.embedder.EclipseLogger - Using 'UTF-8' encoding to copy filtered resources.
2024-03-09 18:14:37,945 [Worker-17: Building] INFO  o.e.m.c.i.embedder.EclipseLogger - skip non existing resourceDirectory E:\jdbc prg\hirbranate 1\hb1\src\main\resources
2024-03-09 18:14:37,952 [Worker-17: Building] INFO  o.e.m.c.i.embedder.EclipseLogger - Using 'UTF-8' encoding to copy filtered resources.
2024-03-09 18:14:37,952 [Worker-17: Building] INFO  o.e.m.c.i.embedder.EclipseLogger - skip non existing resourceDirectory E:\jdbc prg\hirbranate 1\hb1\src\test\resources
2024-03-11 14:12:32,660 [Worker-3: Loading available Gradle versions] INFO  o.e.b.c.i.u.g.PublishedGradleVersions - Gradle version information cache is out-of-date. Trying to update.
2024-03-11 15:27:53,745 [Worker-27: Building] INFO  o.e.m.c.i.embedder.EclipseLogger - Using 'UTF-8' encoding to copy filtered resources.
2024-03-11 15:27:53,746 [Worker-27: Building] INFO  o.e.m.c.i.embedder.EclipseLogger - skip non existing resourceDirectory E:\jdbc prg\hirbranate 1\Hb3\src\main\resources
2024-03-11 15:27:53,752 [Worker-27: Building] INFO  o.e.m.c.i.embedder.EclipseLogger - Using 'UTF-8' encoding to copy filtered resources.
2024-03-11 15:27:53,753 [Worker-27: Building] INFO  o.e.m.c.i.embedder.EclipseLogger - skip non existing resourceDirectory E:\jdbc prg\hirbranate 1\Hb3\src\test\resources
2024-03-11 15:29:40,640 [Worker-27: Building] INFO  o.e.m.c.i.embedder.EclipseLogger - Using 'UTF-8' encoding to copy filtered resources.
2024-03-11 15:29:40,640 [Worker-27: Building] INFO  o.e.m.c.i.embedder.EclipseLogger - skip non existing resourceDirectory E:\jdbc prg\hirbranate 1\Hb3\src\main\resources
2024-03-11 15:29:40,644 [Worker-27: Building] INFO  o.e.m.c.i.embedder.EclipseLogger - Using 'UTF-8' encoding to copy filtered resources.
2024-03-11 15:29:40,645 [Worker-27: Building] INFO  o.e.m.c.i.embedder.EclipseLogger - skip non existing resourceDirectory E:\jdbc prg\hirbranate 1\Hb3\src\test\resources
2024-03-11 15:30:25,377 [Worker-28: Building] INFO  o.e.m.c.i.embedder.EclipseLogger - Using 'UTF-8' encoding to copy filtered resources.
2024-03-11 15:30:25,378 [Worker-28: Building] INFO  o.e.m.c.i.embedder.EclipseLogger - skip non existing resourceDirectory E:\jdbc prg\hirbranate 1\Hb3\src\main\resources
2024-03-11 15:30:25,383 [Worker-28: Building] INFO  o.e.m.c.i.embedder.EclipseLogger - Using 'UTF-8' encoding to copy filtered resources.
2024-03-11 15:30:25,383 [Worker-28: Building] INFO  o.e.m.c.i.embedder.EclipseLogger - skip non existing resourceDirectory E:\jdbc prg\hirbranate 1\Hb3\src\test\resources
2024-03-11 15:30:37,061 [Worker-32: Building] INFO  o.e.m.c.i.embedder.EclipseLogger - Using 'UTF-8' encoding to copy filtered resources.
2024-03-11 15:30:37,061 [Worker-32: Building] INFO  o.e.m.c.i.embedder.EclipseLogger - skip non existing resourceDirectory E:\jdbc prg\hirbranate 1\Hb3\src\main\resources
2024-03-11 15:30:37,065 [Worker-32: Building] INFO  o.e.m.c.i.embedder.EclipseLogger - Using 'UTF-8' encoding to copy filtered resources.
2024-03-11 15:30:37,066 [Worker-32: Building] INFO  o.e.m.c.i.embedder.EclipseLogger - skip non existing resourceDirectory E:\jdbc prg\hirbranate 1\Hb3\src\test\resources
2024-03-11 15:31:21,656 [Worker-29: Building] INFO  o.e.m.c.i.embedder.EclipseLogger - Using 'UTF-8' encoding to copy filtered resources.
2024-03-11 15:31:21,656 [Worker-29: Building] INFO  o.e.m.c.i.embedder.EclipseLogger - skip non existing resourceDirectory E:\jdbc prg\hirbranate 1\Hb3\src\main\resources
2024-03-11 15:31:21,660 [Worker-29: Building] INFO  o.e.m.c.i.embedder.EclipseLogger - Using 'UTF-8' encoding to copy filtered resources.
2024-03-11 15:31:21,660 [Worker-29: Building] INFO  o.e.m.c.i.embedder.EclipseLogger - skip non existing resourceDirectory E:\jdbc prg\hirbranate 1\Hb3\src\test\resources
2024-03-11 15:37:51,487 [Worker-33: Building] INFO  o.e.m.c.i.embedder.EclipseLogger - Using 'UTF-8' encoding to copy filtered resources.
2024-03-11 15:37:51,487 [Worker-33: Building] INFO  o.e.m.c.i.embedder.EclipseLogger - skip non existing resourceDirectory E:\jdbc prg\hirbranate 1\Hb3\src\main\resources
2024-03-11 15:37:51,491 [Worker-33: Building] INFO  o.e.m.c.i.embedder.EclipseLogger - Using 'UTF-8' encoding to copy filtered resources.
2024-03-11 15:37:51,491 [Worker-33: Building] INFO  o.e.m.c.i.embedder.EclipseLogger - skip non existing resourceDirectory E:\jdbc prg\hirbranate 1\Hb3\src\test\resources
2024-03-11 15:38:46,840 [Worker-33: Building] INFO  o.e.m.c.i.embedder.EclipseLogger - Using 'UTF-8' encoding to copy filtered resources.
2024-03-11 15:38:46,840 [Worker-33: Building] INFO  o.e.m.c.i.embedder.EclipseLogger - skip non existing resourceDirectory E:\jdbc prg\hirbranate 1\Hb3\src\main\resources
2024-03-11 15:38:46,844 [Worker-33: Building] INFO  o.e.m.c.i.embedder.EclipseLogger - Using 'UTF-8' encoding to copy filtered resources.
2024-03-11 15:38:46,844 [Worker-33: Building] INFO  o.e.m.c.i.embedder.EclipseLogger - skip non existing resourceDirectory E:\jdbc prg\hirbranate 1\Hb3\src\test\resources
2024-03-11 15:39:21,632 [Worker-27: Building] INFO  o.e.m.c.i.embedder.EclipseLogger - Using 'UTF-8' encoding to copy filtered resources.
2024-03-11 15:39:21,632 [Worker-27: Building] INFO  o.e.m.c.i.embedder.EclipseLogger - skip non existing resourceDirectory E:\jdbc prg\hirbranate 1\Hb3\src\main\resources
2024-03-11 15:39:21,638 [Worker-27: Building] INFO  o.e.m.c.i.embedder.EclipseLogger - Using 'UTF-8' encoding to copy filtered resources.
2024-03-11 15:39:21,638 [Worker-27: Building] INFO  o.e.m.c.i.embedder.EclipseLogger - skip non existing resourceDirectory E:\jdbc prg\hirbranate 1\Hb3\src\test\resources
2024-03-11 15:40:15,666 [Worker-25: Building] INFO  o.e.m.c.i.embedder.EclipseLogger - Using 'UTF-8' encoding to copy filtered resources.
2024-03-11 15:40:15,666 [Worker-25: Building] INFO  o.e.m.c.i.embedder.EclipseLogger - skip non existing resourceDirectory E:\jdbc prg\hirbranate 1\Hb3\src\main\resources
2024-03-11 15:40:15,670 [Worker-25: Building] INFO  o.e.m.c.i.embedder.EclipseLogger - Using 'UTF-8' encoding to copy filtered resources.
2024-03-11 15:40:15,670 [Worker-25: Building] INFO  o.e.m.c.i.embedder.EclipseLogger - skip non existing resourceDirectory E:\jdbc prg\hirbranate 1\Hb3\src\test\resources
2024-03-11 15:41:13,952 [Worker-27: Building] INFO  o.e.m.c.i.embedder.EclipseLogger - Using 'UTF-8' encoding to copy filtered resources.
2024-03-11 15:41:13,952 [Worker-27: Building] INFO  o.e.m.c.i.embedder.EclipseLogger - skip non existing resourceDirectory E:\jdbc prg\hirbranate 1\Hb3\src\main\resources
2024-03-11 15:41:13,956 [Worker-27: Building] INFO  o.e.m.c.i.embedder.EclipseLogger - Using 'UTF-8' encoding to copy filtered resources.
2024-03-11 15:41:13,957 [Worker-27: Building] INFO  o.e.m.c.i.embedder.EclipseLogger - skip non existing resourceDirectory E:\jdbc prg\hirbranate 1\Hb3\src\test\resources
2024-03-11 15:43:37,845 [Worker-33: Building] INFO  o.e.m.c.i.embedder.EclipseLogger - Using 'UTF-8' encoding to copy filtered resources.
2024-03-11 15:43:37,846 [Worker-33: Building] INFO  o.e.m.c.i.embedder.EclipseLogger - skip non existing resourceDirectory E:\jdbc prg\hirbranate 1\Hb3\src\main\resources
2024-03-11 15:43:37,849 [Worker-33: Building] INFO  o.e.m.c.i.embedder.EclipseLogger - Using 'UTF-8' encoding to copy filtered resources.
2024-03-11 15:43:37,849 [Worker-33: Building] INFO  o.e.m.c.i.embedder.EclipseLogger - skip non existing resourceDirectory E:\jdbc prg\hirbranate 1\Hb3\src\test\resources
2024-03-11 15:45:14,223 [Worker-27: Building] INFO  o.e.m.c.i.embedder.EclipseLogger - Using 'UTF-8' encoding to copy filtered resources.
2024-03-11 15:45:14,223 [Worker-27: Building] INFO  o.e.m.c.i.embedder.EclipseLogger - skip non existing resourceDirectory E:\jdbc prg\hirbranate 1\Hb3\src\main\resources
2024-03-11 15:45:14,226 [Worker-27: Building] INFO  o.e.m.c.i.embedder.EclipseLogger - Using 'UTF-8' encoding to copy filtered resources.
2024-03-11 15:45:14,227 [Worker-27: Building] INFO  o.e.m.c.i.embedder.EclipseLogger - skip non existing resourceDirectory E:\jdbc prg\hirbranate 1\Hb3\src\test\resources
2024-03-11 15:48:57,619 [Worker-27: Building] INFO  o.e.m.c.i.embedder.EclipseLogger - Using 'UTF-8' encoding to copy filtered resources.
2024-03-11 15:48:57,620 [Worker-27: Building] INFO  o.e.m.c.i.embedder.EclipseLogger - skip non existing resourceDirectory E:\jdbc prg\hirbranate 1\Hb3\src\main\resources
2024-03-11 15:48:57,623 [Worker-27: Building] INFO  o.e.m.c.i.embedder.EclipseLogger - Using 'UTF-8' encoding to copy filtered resources.
2024-03-11 15:48:57,623 [Worker-27: Building] INFO  o.e.m.c.i.embedder.EclipseLogger - skip non existing resourceDirectory E:\jdbc prg\hirbranate 1\Hb3\src\test\resources
2024-03-11 15:53:09,142 [Worker-25: Building] INFO  o.e.m.c.i.embedder.EclipseLogger - Using 'UTF-8' encoding to copy filtered resources.
2024-03-11 15:53:09,143 [Worker-25: Building] INFO  o.e.m.c.i.embedder.EclipseLogger - skip non existing resourceDirectory E:\jdbc prg\hirbranate 1\Hb3\src\main\resources
2024-03-11 15:53:09,145 [Worker-25: Building] INFO  o.e.m.c.i.embedder.EclipseLogger - Using 'UTF-8' encoding to copy filtered resources.
2024-03-11 15:53:09,146 [Worker-25: Building] INFO  o.e.m.c.i.embedder.EclipseLogger - skip non existing resourceDirectory E:\jdbc prg\hirbranate 1\Hb3\src\test\resources
2024-03-11 15:59:03,704 [Worker-36: Building] INFO  o.e.m.c.i.embedder.EclipseLogger - Using 'UTF-8' encoding to copy filtered resources.
2024-03-11 15:59:03,704 [Worker-36: Building] INFO  o.e.m.c.i.embedder.EclipseLogger - skip non existing resourceDirectory E:\jdbc prg\hirbranate 1\Hb3\src\main\resources
2024-03-11 15:59:03,707 [Worker-36: Building] INFO  o.e.m.c.i.embedder.EclipseLogger - Using 'UTF-8' encoding to copy filtered resources.
2024-03-11 15:59:03,707 [Worker-36: Building] INFO  o.e.m.c.i.embedder.EclipseLogger - skip non existing resourceDirectory E:\jdbc prg\hirbranate 1\Hb3\src\test\resources
2024-03-11 15:59:07,348 [Worker-36: Building] INFO  o.e.m.c.i.embedder.EclipseLogger - Using 'UTF-8' encoding to copy filtered resources.
2024-03-11 15:59:07,348 [Worker-36: Building] INFO  o.e.m.c.i.embedder.EclipseLogger - skip non existing resourceDirectory E:\jdbc prg\hirbranate 1\Hb3\src\main\resources
2024-03-11 15:59:07,351 [Worker-36: Building] INFO  o.e.m.c.i.embedder.EclipseLogger - Using 'UTF-8' encoding to copy filtered resources.
2024-03-11 15:59:07,351 [Worker-36: Building] INFO  o.e.m.c.i.embedder.EclipseLogger - skip non existing resourceDirectory E:\jdbc prg\hirbranate 1\Hb3\src\test\resources
2024-03-11 16:01:49,276 [Worker-37: Building] INFO  o.e.m.c.i.embedder.EclipseLogger - Using 'UTF-8' encoding to copy filtered resources.
2024-03-11 16:01:49,277 [Worker-37: Building] INFO  o.e.m.c.i.embedder.EclipseLogger - skip non existing resourceDirectory E:\jdbc prg\hirbranate 1\Hb3\src\main\resources
2024-03-11 16:01:49,279 [Worker-37: Building] INFO  o.e.m.c.i.embedder.EclipseLogger - Using 'UTF-8' encoding to copy filtered resources.
2024-03-11 16:01:49,280 [Worker-37: Building] INFO  o.e.m.c.i.embedder.EclipseLogger - skip non existing resourceDirectory E:\jdbc prg\hirbranate 1\Hb3\src\test\resources
2024-03-11 16:04:32,935 [Worker-38: Building] INFO  o.e.m.c.i.embedder.EclipseLogger - Using 'UTF-8' encoding to copy filtered resources.
2024-03-11 16:04:32,936 [Worker-38: Building] INFO  o.e.m.c.i.embedder.EclipseLogger - skip non existing resourceDirectory E:\jdbc prg\hirbranate 1\Hb3\src\main\resources
2024-03-11 16:04:32,940 [Worker-38: Building] INFO  o.e.m.c.i.embedder.EclipseLogger - Using 'UTF-8' encoding to copy filtered resources.
2024-03-11 16:04:32,941 [Worker-38: Building] INFO  o.e.m.c.i.embedder.EclipseLogger - skip non existing resourceDirectory E:\jdbc prg\hirbranate 1\Hb3\src\test\resources
2024-03-11 16:04:36,038 [Worker-27: Building] INFO  o.e.m.c.i.embedder.EclipseLogger - Using 'UTF-8' encoding to copy filtered resources.
2024-03-11 16:04:36,038 [Worker-27: Building] INFO  o.e.m.c.i.embedder.EclipseLogger - skip non existing resourceDirectory E:\jdbc prg\hirbranate 1\Hb3\src\main\resources
2024-03-11 16:04:36,041 [Worker-27: Building] INFO  o.e.m.c.i.embedder.EclipseLogger - Using 'UTF-8' encoding to copy filtered resources.
2024-03-11 16:04:36,041 [Worker-27: Building] INFO  o.e.m.c.i.embedder.EclipseLogger - skip non existing resourceDirectory E:\jdbc prg\hirbranate 1\Hb3\src\test\resources
2024-03-11 16:11:17,644 [Worker-3: Loading available Gradle versions] INFO  o.e.b.c.i.u.g.PublishedGradleVersions - Gradle version information cache is up-to-date. Trying to read.
2024-03-11 16:11:26,477 [Worker-7: Building] INFO  o.e.m.c.i.embedder.EclipseLogger - Using 'UTF-8' encoding to copy filtered resources.
2024-03-11 16:11:26,478 [Worker-7: Building] INFO  o.e.m.c.i.embedder.EclipseLogger - skip non existing resourceDirectory E:\jdbc prg\hirbranate 1\Hb3\src\main\resources
2024-03-11 16:11:26,485 [Worker-7: Building] INFO  o.e.m.c.i.embedder.EclipseLogger - Using 'UTF-8' encoding to copy filtered resources.
2024-03-11 16:11:26,486 [Worker-7: Building] INFO  o.e.m.c.i.embedder.EclipseLogger - skip non existing resourceDirectory E:\jdbc prg\hirbranate 1\Hb3\src\test\resources
2024-03-11 16:16:08,136 [Worker-9: Building] INFO  o.e.m.c.i.embedder.EclipseLogger - Using 'UTF-8' encoding to copy filtered resources.
2024-03-11 16:16:08,141 [Worker-9: Building] INFO  o.e.m.c.i.embedder.EclipseLogger - skip non existing resourceDirectory E:\jdbc prg\hirbranate 1\Hb3\src\main\resources
2024-03-11 16:16:08,145 [Worker-9: Building] INFO  o.e.m.c.i.embedder.EclipseLogger - Using 'UTF-8' encoding to copy filtered resources.
2024-03-11 16:16:08,145 [Worker-9: Building] INFO  o.e.m.c.i.embedder.EclipseLogger - skip non existing resourceDirectory E:\jdbc prg\hirbranate 1\Hb3\src\test\resources
2024-03-11 16:16:43,241 [Worker-13: Building] INFO  o.e.m.c.i.embedder.EclipseLogger - Using 'UTF-8' encoding to copy filtered resources.
2024-03-11 16:16:43,241 [Worker-13: Building] INFO  o.e.m.c.i.embedder.EclipseLogger - skip non existing resourceDirectory E:\jdbc prg\hirbranate 1\Hb3\src\main\resources
2024-03-11 16:16:43,244 [Worker-13: Building] INFO  o.e.m.c.i.embedder.EclipseLogger - Using 'UTF-8' encoding to copy filtered resources.
2024-03-11 16:16:43,245 [Worker-13: Building] INFO  o.e.m.c.i.embedder.EclipseLogger - skip non existing resourceDirectory E:\jdbc prg\hirbranate 1\Hb3\src\test\resources
2024-03-11 16:17:13,981 [Worker-9: Building] INFO  o.e.m.c.i.embedder.EclipseLogger - Using 'UTF-8' encoding to copy filtered resources.
2024-03-11 16:17:13,981 [Worker-9: Building] INFO  o.e.m.c.i.embedder.EclipseLogger - skip non existing resourceDirectory E:\jdbc prg\hirbranate 1\Hb3\src\main\resources
2024-03-11 16:17:13,984 [Worker-9: Building] INFO  o.e.m.c.i.embedder.EclipseLogger - Using 'UTF-8' encoding to copy filtered resources.
2024-03-11 16:17:13,984 [Worker-9: Building] INFO  o.e.m.c.i.embedder.EclipseLogger - skip non existing resourceDirectory E:\jdbc prg\hirbranate 1\Hb3\src\test\resources
2024-03-11 16:17:32,712 [Worker-10: Building] INFO  o.e.m.c.i.embedder.EclipseLogger - Using 'UTF-8' encoding to copy filtered resources.
2024-03-11 16:17:32,712 [Worker-10: Building] INFO  o.e.m.c.i.embedder.EclipseLogger - skip non existing resourceDirectory E:\jdbc prg\hirbranate 1\Hb3\src\main\resources
2024-03-11 16:17:32,716 [Worker-10: Building] INFO  o.e.m.c.i.embedder.EclipseLogger - Using 'UTF-8' encoding to copy filtered resources.
2024-03-11 16:17:32,716 [Worker-10: Building] INFO  o.e.m.c.i.embedder.EclipseLogger - skip non existing resourceDirectory E:\jdbc prg\hirbranate 1\Hb3\src\test\resources
2024-03-11 16:24:40,545 [Worker-16: Building] INFO  o.e.m.c.i.embedder.EclipseLogger - Using 'UTF-8' encoding to copy filtered resources.
2024-03-11 16:24:40,545 [Worker-16: Building] INFO  o.e.m.c.i.embedder.EclipseLogger - skip non existing resourceDirectory E:\jdbc prg\hirbranate 1\Hb3\src\main\resources
2024-03-11 16:24:40,548 [Worker-16: Building] INFO  o.e.m.c.i.embedder.EclipseLogger - Using 'UTF-8' encoding to copy filtered resources.
2024-03-11 16:24:40,548 [Worker-16: Building] INFO  o.e.m.c.i.embedder.EclipseLogger - skip non existing resourceDirectory E:\jdbc prg\hirbranate 1\Hb3\src\test\resources
2024-03-11 16:25:20,855 [Worker-17: Building] INFO  o.e.m.c.i.embedder.EclipseLogger - Using 'UTF-8' encoding to copy filtered resources.
2024-03-11 16:25:20,855 [Worker-17: Building] INFO  o.e.m.c.i.embedder.EclipseLogger - skip non existing resourceDirectory E:\jdbc prg\hirbranate 1\Hb3\src\main\resources
2024-03-11 16:25:20,857 [Worker-17: Building] INFO  o.e.m.c.i.embedder.EclipseLogger - Using 'UTF-8' encoding to copy filtered resources.
2024-03-11 16:25:20,858 [Worker-17: Building] INFO  o.e.m.c.i.embedder.EclipseLogger - skip non existing resourceDirectory E:\jdbc prg\hirbranate 1\Hb3\src\test\resources
2024-03-11 16:32:02,758 [Worker-20: Building] INFO  o.e.m.c.i.embedder.EclipseLogger - Using 'UTF-8' encoding to copy filtered resources.
2024-03-11 16:32:02,759 [Worker-20: Building] INFO  o.e.m.c.i.embedder.EclipseLogger - skip non existing resourceDirectory E:\jdbc prg\hirbranate 1\Hb3\src\main\resources
2024-03-11 16:32:02,761 [Worker-20: Building] INFO  o.e.m.c.i.embedder.EclipseLogger - Using 'UTF-8' encoding to copy filtered resources.
2024-03-11 16:32:02,762 [Worker-20: Building] INFO  o.e.m.c.i.embedder.EclipseLogger - skip non existing resourceDirectory E:\jdbc prg\hirbranate 1\Hb3\src\test\resources
2024-03-11 17:20:22,241 [Worker-28: Building] INFO  o.e.m.c.i.embedder.EclipseLogger - Using 'UTF-8' encoding to copy filtered resources.
2024-03-11 17:20:22,241 [Worker-28: Building] INFO  o.e.m.c.i.embedder.EclipseLogger - skip non existing resourceDirectory E:\jdbc prg\hirbranate 1\Hb3\src\main\resources
2024-03-11 17:20:22,245 [Worker-28: Building] INFO  o.e.m.c.i.embedder.EclipseLogger - Using 'UTF-8' encoding to copy filtered resources.
2024-03-11 17:20:22,245 [Worker-28: Building] INFO  o.e.m.c.i.embedder.EclipseLogger - skip non existing resourceDirectory E:\jdbc prg\hirbranate 1\Hb3\src\test\resources
2024-03-11 17:21:10,926 [Worker-28: Building] INFO  o.e.m.c.i.embedder.EclipseLogger - Using 'UTF-8' encoding to copy filtered resources.
2024-03-11 17:21:10,926 [Worker-28: Building] INFO  o.e.m.c.i.embedder.EclipseLogger - skip non existing resourceDirectory E:\jdbc prg\hirbranate 1\Hb3\src\main\resources
2024-03-11 17:21:10,930 [Worker-28: Building] INFO  o.e.m.c.i.embedder.EclipseLogger - Using 'UTF-8' encoding to copy filtered resources.
2024-03-11 17:21:10,930 [Worker-28: Building] INFO  o.e.m.c.i.embedder.EclipseLogger - skip non existing resourceDirectory E:\jdbc prg\hirbranate 1\Hb3\src\test\resources
2024-03-11 17:22:17,058 [Worker-26: Building] INFO  o.e.m.c.i.embedder.EclipseLogger - Using 'UTF-8' encoding to copy filtered resources.
2024-03-11 17:22:17,058 [Worker-26: Building] INFO  o.e.m.c.i.embedder.EclipseLogger - skip non existing resourceDirectory E:\jdbc prg\hirbranate 1\Hb3\src\main\resources
2024-03-11 17:22:17,063 [Worker-26: Building] INFO  o.e.m.c.i.embedder.EclipseLogger - Using 'UTF-8' encoding to copy filtered resources.
2024-03-11 17:22:17,063 [Worker-26: Building] INFO  o.e.m.c.i.embedder.EclipseLogger - skip non existing resourceDirectory E:\jdbc prg\hirbranate 1\Hb3\src\test\resources
2024-03-11 17:39:22,692 [Worker-37: Building] INFO  o.e.m.c.i.embedder.EclipseLogger - Using 'UTF-8' encoding to copy filtered resources.
2024-03-11 17:39:22,692 [Worker-37: Building] INFO  o.e.m.c.i.embedder.EclipseLogger - skip non existing resourceDirectory E:\jdbc prg\hirbranate 1\Hb3\src\main\resources
2024-03-11 17:39:22,695 [Worker-37: Building] INFO  o.e.m.c.i.embedder.EclipseLogger - Using 'UTF-8' encoding to copy filtered resources.
2024-03-11 17:39:22,695 [Worker-37: Building] INFO  o.e.m.c.i.embedder.EclipseLogger - skip non existing resourceDirectory E:\jdbc prg\hirbranate 1\Hb3\src\test\resources
2024-03-11 17:42:11,816 [Worker-46: Building] INFO  o.e.m.c.i.embedder.EclipseLogger - Using 'UTF-8' encoding to copy filtered resources.
2024-03-11 17:42:11,816 [Worker-46: Building] INFO  o.e.m.c.i.embedder.EclipseLogger - skip non existing resourceDirectory E:\jdbc prg\hirbranate 1\Hb3\src\main\resources
2024-03-11 17:42:11,821 [Worker-46: Building] INFO  o.e.m.c.i.embedder.EclipseLogger - Using 'UTF-8' encoding to copy filtered resources.
2024-03-11 17:42:11,821 [Worker-46: Building] INFO  o.e.m.c.i.embedder.EclipseLogger - skip non existing resourceDirectory E:\jdbc prg\hirbranate 1\Hb3\src\test\resources
2024-03-11 17:42:27,131 [Worker-37: Building] INFO  o.e.m.c.i.embedder.EclipseLogger - Using 'UTF-8' encoding to copy filtered resources.
2024-03-11 17:42:27,131 [Worker-37: Building] INFO  o.e.m.c.i.embedder.EclipseLogger - skip non existing resourceDirectory E:\jdbc prg\hirbranate 1\Hb3\src\main\resources
2024-03-11 17:42:27,138 [Worker-37: Building] INFO  o.e.m.c.i.embedder.EclipseLogger - Using 'UTF-8' encoding to copy filtered resources.
2024-03-11 17:42:27,140 [Worker-37: Building] INFO  o.e.m.c.i.embedder.EclipseLogger - skip non existing resourceDirectory E:\jdbc prg\hirbranate 1\Hb3\src\test\resources
2024-03-11 17:45:44,781 [Worker-44: Building] INFO  o.e.m.c.i.embedder.EclipseLogger - Using 'UTF-8' encoding to copy filtered resources.
2024-03-11 17:45:44,782 [Worker-44: Building] INFO  o.e.m.c.i.embedder.EclipseLogger - skip non existing resourceDirectory E:\jdbc prg\hirbranate 1\Hb3\src\main\resources
2024-03-11 17:45:44,784 [Worker-44: Building] INFO  o.e.m.c.i.embedder.EclipseLogger - Using 'UTF-8' encoding to copy filtered resources.
2024-03-11 17:45:44,784 [Worker-44: Building] INFO  o.e.m.c.i.embedder.EclipseLogger - skip non existing resourceDirectory E:\jdbc prg\hirbranate 1\Hb3\src\test\resources
2024-03-11 18:08:03,460 [Worker-48: Building] INFO  o.e.m.c.i.embedder.EclipseLogger - Using 'UTF-8' encoding to copy filtered resources.
2024-03-11 18:08:03,460 [Worker-48: Building] INFO  o.e.m.c.i.embedder.EclipseLogger - skip non existing resourceDirectory E:\jdbc prg\hirbranate 1\Hb3\src\main\resources
2024-03-11 18:08:03,464 [Worker-48: Building] INFO  o.e.m.c.i.embedder.EclipseLogger - Using 'UTF-8' encoding to copy filtered resources.
2024-03-11 18:08:03,465 [Worker-48: Building] INFO  o.e.m.c.i.embedder.EclipseLogger - skip non existing resourceDirectory E:\jdbc prg\hirbranate 1\Hb3\src\test\resources
2024-03-11 18:08:39,610 [Worker-44: Building] INFO  o.e.m.c.i.embedder.EclipseLogger - Using 'UTF-8' encoding to copy filtered resources.
2024-03-11 18:08:39,610 [Worker-44: Building] INFO  o.e.m.c.i.embedder.EclipseLogger - skip non existing resourceDirectory E:\jdbc prg\hirbranate 1\Hb3\src\main\resources
2024-03-11 18:08:39,613 [Worker-44: Building] INFO  o.e.m.c.i.embedder.EclipseLogger - Using 'UTF-8' encoding to copy filtered resources.
2024-03-11 18:08:39,613 [Worker-44: Building] INFO  o.e.m.c.i.embedder.EclipseLogger - skip non existing resourceDirectory E:\jdbc prg\hirbranate 1\Hb3\src\test\resources
2024-03-13 12:57:30,161 [Worker-3: Loading available Gradle versions] INFO  o.e.b.c.i.u.g.PublishedGradleVersions - Gradle version information cache is out-of-date. Trying to update.
2024-03-13 13:00:19,956 [Worker-7: Building] INFO  o.e.m.c.i.embedder.EclipseLogger - Using 'UTF-8' encoding to copy filtered resources.
2024-03-13 13:00:19,958 [Worker-7: Building] INFO  o.e.m.c.i.embedder.EclipseLogger - skip non existing resourceDirectory E:\jdbc prg\hirbranate 1\Hb3\src\main\resources
2024-03-13 13:00:19,964 [Worker-7: Building] INFO  o.e.m.c.i.embedder.EclipseLogger - Using 'UTF-8' encoding to copy filtered resources.
2024-03-13 13:00:19,964 [Worker-7: Building] INFO  o.e.m.c.i.embedder.EclipseLogger - skip non existing resourceDirectory E:\jdbc prg\hirbranate 1\Hb3\src\test\resources
2024-03-13 13:00:21,540 [Worker-11: Building] INFO  o.e.m.c.i.embedder.EclipseLogger - Using 'UTF-8' encoding to copy filtered resources.
2024-03-13 13:00:21,540 [Worker-11: Building] INFO  o.e.m.c.i.embedder.EclipseLogger - skip non existing resourceDirectory E:\jdbc prg\hirbranate 1\Hb3\src\main\resources
2024-03-13 13:00:21,549 [Worker-11: Building] INFO  o.e.m.c.i.embedder.EclipseLogger - Using 'UTF-8' encoding to copy filtered resources.
2024-03-13 13:00:21,549 [Worker-11: Building] INFO  o.e.m.c.i.embedder.EclipseLogger - skip non existing resourceDirectory E:\jdbc prg\hirbranate 1\Hb3\src\test\resources
2024-03-13 13:01:01,320 [Worker-7: Building] INFO  o.e.m.c.i.embedder.EclipseLogger - Using 'UTF-8' encoding to copy filtered resources.
2024-03-13 13:01:01,320 [Worker-7: Building] INFO  o.e.m.c.i.embedder.EclipseLogger - skip non existing resourceDirectory E:\jdbc prg\hirbranate 1\Hb3\src\main\resources
2024-03-13 13:01:01,323 [Worker-7: Building] INFO  o.e.m.c.i.embedder.EclipseLogger - Using 'UTF-8' encoding to copy filtered resources.
2024-03-13 13:01:01,323 [Worker-7: Building] INFO  o.e.m.c.i.embedder.EclipseLogger - skip non existing resourceDirectory E:\jdbc prg\hirbranate 1\Hb3\src\test\resources
2024-03-13 13:01:18,235 [Worker-7: Building] INFO  o.e.m.c.i.embedder.EclipseLogger - Using 'UTF-8' encoding to copy filtered resources.
2024-03-13 13:01:18,235 [Worker-7: Building] INFO  o.e.m.c.i.embedder.EclipseLogger - skip non existing resourceDirectory E:\jdbc prg\hirbranate 1\Hb3\src\main\resources
2024-03-13 13:01:18,238 [Worker-7: Building] INFO  o.e.m.c.i.embedder.EclipseLogger - Using 'UTF-8' encoding to copy filtered resources.
2024-03-13 13:01:18,238 [Worker-7: Building] INFO  o.e.m.c.i.embedder.EclipseLogger - skip non existing resourceDirectory E:\jdbc prg\hirbranate 1\Hb3\src\test\resources
2024-03-13 13:03:36,922 [Worker-15: Building] INFO  o.e.m.c.i.embedder.EclipseLogger - Using 'UTF-8' encoding to copy filtered resources.
2024-03-13 13:03:36,923 [Worker-15: Building] INFO  o.e.m.c.i.embedder.EclipseLogger - skip non existing resourceDirectory E:\jdbc prg\hirbranate 1\Hb3\src\main\resources
2024-03-13 13:03:36,926 [Worker-15: Building] INFO  o.e.m.c.i.embedder.EclipseLogger - Using 'UTF-8' encoding to copy filtered resources.
2024-03-13 13:03:36,926 [Worker-15: Building] INFO  o.e.m.c.i.embedder.EclipseLogger - skip non existing resourceDirectory E:\jdbc prg\hirbranate 1\Hb3\src\test\resources
2024-03-13 13:05:43,255 [Worker-17: Building] INFO  o.e.m.c.i.embedder.EclipseLogger - Using 'UTF-8' encoding to copy filtered resources.
2024-03-13 13:05:43,255 [Worker-17: Building] INFO  o.e.m.c.i.embedder.EclipseLogger - skip non existing resourceDirectory E:\jdbc prg\hirbranate 1\Hb3\src\main\resources
2024-03-13 13:05:43,259 [Worker-17: Building] INFO  o.e.m.c.i.embedder.EclipseLogger - Using 'UTF-8' encoding to copy filtered resources.
2024-03-13 13:05:43,259 [Worker-17: Building] INFO  o.e.m.c.i.embedder.EclipseLogger - skip non existing resourceDirectory E:\jdbc prg\hirbranate 1\Hb3\src\test\resources
2024-03-13 13:06:43,002 [Worker-3: Building] INFO  o.e.m.c.i.embedder.EclipseLogger - Using 'UTF-8' encoding to copy filtered resources.
2024-03-13 13:06:43,002 [Worker-3: Building] INFO  o.e.m.c.i.embedder.EclipseLogger - skip non existing resourceDirectory E:\jdbc prg\hirbranate 1\Hb3\src\main\resources
2024-03-13 13:06:43,005 [Worker-3: Building] INFO  o.e.m.c.i.embedder.EclipseLogger - Using 'UTF-8' encoding to copy filtered resources.
2024-03-13 13:06:43,005 [Worker-3: Building] INFO  o.e.m.c.i.embedder.EclipseLogger - skip non existing resourceDirectory E:\jdbc prg\hirbranate 1\Hb3\src\test\resources
2024-03-13 13:08:14,702 [Worker-17: Building] INFO  o.e.m.c.i.embedder.EclipseLogger - Using 'UTF-8' encoding to copy filtered resources.
2024-03-13 13:08:14,702 [Worker-17: Building] INFO  o.e.m.c.i.embedder.EclipseLogger - skip non existing resourceDirectory E:\jdbc prg\hirbranate 1\Hb3\src\main\resources
2024-03-13 13:08:14,706 [Worker-17: Building] INFO  o.e.m.c.i.embedder.EclipseLogger - Using 'UTF-8' encoding to copy filtered resources.
2024-03-13 13:08:14,706 [Worker-17: Building] INFO  o.e.m.c.i.embedder.EclipseLogger - skip non existing resourceDirectory E:\jdbc prg\hirbranate 1\Hb3\src\test\resources
2024-03-13 13:08:39,376 [Worker-18: Building] INFO  o.e.m.c.i.embedder.EclipseLogger - Using 'UTF-8' encoding to copy filtered resources.
2024-03-13 13:08:39,377 [Worker-18: Building] INFO  o.e.m.c.i.embedder.EclipseLogger - skip non existing resourceDirectory E:\jdbc prg\hirbranate 1\Hb3\src\main\resources
2024-03-13 13:08:39,379 [Worker-18: Building] INFO  o.e.m.c.i.embedder.EclipseLogger - Using 'UTF-8' encoding to copy filtered resources.
2024-03-13 13:08:39,380 [Worker-18: Building] INFO  o.e.m.c.i.embedder.EclipseLogger - skip non existing resourceDirectory E:\jdbc prg\hirbranate 1\Hb3\src\test\resources
2024-03-13 13:08:53,029 [Worker-17: Building] INFO  o.e.m.c.i.embedder.EclipseLogger - Using 'UTF-8' encoding to copy filtered resources.
2024-03-13 13:08:53,029 [Worker-17: Building] INFO  o.e.m.c.i.embedder.EclipseLogger - skip non existing resourceDirectory E:\jdbc prg\hirbranate 1\Hb3\src\main\resources
2024-03-13 13:08:53,032 [Worker-17: Building] INFO  o.e.m.c.i.embedder.EclipseLogger - Using 'UTF-8' encoding to copy filtered resources.
2024-03-13 13:08:53,032 [Worker-17: Building] INFO  o.e.m.c.i.embedder.EclipseLogger - skip non existing resourceDirectory E:\jdbc prg\hirbranate 1\Hb3\src\test\resources
2024-03-13 13:09:10,816 [Worker-15: Building] INFO  o.e.m.c.i.embedder.EclipseLogger - Using 'UTF-8' encoding to copy filtered resources.
2024-03-13 13:09:10,816 [Worker-15: Building] INFO  o.e.m.c.i.embedder.EclipseLogger - skip non existing resourceDirectory E:\jdbc prg\hirbranate 1\Hb3\src\main\resources
2024-03-13 13:09:10,818 [Worker-15: Building] INFO  o.e.m.c.i.embedder.EclipseLogger - Using 'UTF-8' encoding to copy filtered resources.
2024-03-13 13:09:10,818 [Worker-15: Building] INFO  o.e.m.c.i.embedder.EclipseLogger - skip non existing resourceDirectory E:\jdbc prg\hirbranate 1\Hb3\src\test\resources
2024-03-13 13:09:19,568 [Worker-17: Building] INFO  o.e.m.c.i.embedder.EclipseLogger - Using 'UTF-8' encoding to copy filtered resources.
2024-03-13 13:09:19,569 [Worker-17: Building] INFO  o.e.m.c.i.embedder.EclipseLogger - skip non existing resourceDirectory E:\jdbc prg\hirbranate 1\Hb3\src\main\resources
2024-03-13 13:09:19,571 [Worker-17: Building] INFO  o.e.m.c.i.embedder.EclipseLogger - Using 'UTF-8' encoding to copy filtered resources.
2024-03-13 13:09:19,572 [Worker-17: Building] INFO  o.e.m.c.i.embedder.EclipseLogger - skip non existing resourceDirectory E:\jdbc prg\hirbranate 1\Hb3\src\test\resources
2024-03-13 13:13:28,251 [Worker-17: Building] INFO  o.e.m.c.i.embedder.EclipseLogger - Using 'UTF-8' encoding to copy filtered resources.
2024-03-13 13:13:28,251 [Worker-17: Building] INFO  o.e.m.c.i.embedder.EclipseLogger - skip non existing resourceDirectory E:\jdbc prg\hirbranate 1\Hb3\src\main\resources
2024-03-13 13:13:28,254 [Worker-17: Building] INFO  o.e.m.c.i.embedder.EclipseLogger - Using 'UTF-8' encoding to copy filtered resources.
2024-03-13 13:13:28,255 [Worker-17: Building] INFO  o.e.m.c.i.embedder.EclipseLogger - skip non existing resourceDirectory E:\jdbc prg\hirbranate 1\Hb3\src\test\resources
2024-03-13 13:15:26,368 [Worker-20: Building] INFO  o.e.m.c.i.embedder.EclipseLogger - Using 'UTF-8' encoding to copy filtered resources.
2024-03-13 13:15:26,368 [Worker-20: Building] INFO  o.e.m.c.i.embedder.EclipseLogger - skip non existing resourceDirectory E:\jdbc prg\hirbranate 1\Hb3\src\main\resources
2024-03-13 13:15:26,371 [Worker-20: Building] INFO  o.e.m.c.i.embedder.EclipseLogger - Using 'UTF-8' encoding to copy filtered resources.
2024-03-13 13:15:26,371 [Worker-20: Building] INFO  o.e.m.c.i.embedder.EclipseLogger - skip non existing resourceDirectory E:\jdbc prg\hirbranate 1\Hb3\src\test\resources
2024-03-13 13:15:48,920 [Worker-17: Building] INFO  o.e.m.c.i.embedder.EclipseLogger - Using 'UTF-8' encoding to copy filtered resources.
2024-03-13 13:15:48,920 [Worker-17: Building] INFO  o.e.m.c.i.embedder.EclipseLogger - skip non existing resourceDirectory E:\jdbc prg\hirbranate 1\Hb3\src\main\resources
2024-03-13 13:15:48,924 [Worker-17: Building] INFO  o.e.m.c.i.embedder.EclipseLogger - Using 'UTF-8' encoding to copy filtered resources.
2024-03-13 13:15:48,924 [Worker-17: Building] INFO  o.e.m.c.i.embedder.EclipseLogger - skip non existing resourceDirectory E:\jdbc prg\hirbranate 1\Hb3\src\test\resources
2024-03-13 13:15:52,746 [Worker-15: Building] INFO  o.e.m.c.i.embedder.EclipseLogger - Using 'UTF-8' encoding to copy filtered resources.
2024-03-13 13:15:52,747 [Worker-15: Building] INFO  o.e.m.c.i.embedder.EclipseLogger - skip non existing resourceDirectory E:\jdbc prg\hirbranate 1\Hb3\src\main\resources
2024-03-13 13:15:52,750 [Worker-15: Building] INFO  o.e.m.c.i.embedder.EclipseLogger - Using 'UTF-8' encoding to copy filtered resources.
2024-03-13 13:15:52,750 [Worker-15: Building] INFO  o.e.m.c.i.embedder.EclipseLogger - skip non existing resourceDirectory E:\jdbc prg\hirbranate 1\Hb3\src\test\resources
2024-03-13 13:15:59,618 [Worker-21: Building] INFO  o.e.m.c.i.embedder.EclipseLogger - Using 'UTF-8' encoding to copy filtered resources.
2024-03-13 13:15:59,619 [Worker-21: Building] INFO  o.e.m.c.i.embedder.EclipseLogger - skip non existing resourceDirectory E:\jdbc prg\hirbranate 1\Hb3\src\main\resources
2024-03-13 13:15:59,621 [Worker-21: Building] INFO  o.e.m.c.i.embedder.EclipseLogger - Using 'UTF-8' encoding to copy filtered resources.
2024-03-13 13:15:59,622 [Worker-21: Building] INFO  o.e.m.c.i.embedder.EclipseLogger - skip non existing resourceDirectory E:\jdbc prg\hirbranate 1\Hb3\src\test\resources
2024-03-13 13:16:24,788 [Worker-21: Building] INFO  o.e.m.c.i.embedder.EclipseLogger - Using 'UTF-8' encoding to copy filtered resources.
2024-03-13 13:16:24,788 [Worker-21: Building] INFO  o.e.m.c.i.embedder.EclipseLogger - skip non existing resourceDirectory E:\jdbc prg\hirbranate 1\Hb3\src\main\resources
2024-03-13 13:16:24,791 [Worker-21: Building] INFO  o.e.m.c.i.embedder.EclipseLogger - Using 'UTF-8' encoding to copy filtered resources.
2024-03-13 13:16:24,791 [Worker-21: Building] INFO  o.e.m.c.i.embedder.EclipseLogger - skip non existing resourceDirectory E:\jdbc prg\hirbranate 1\Hb3\src\test\resources
2024-03-13 13:22:11,859 [Worker-22: Building] INFO  o.e.m.c.i.embedder.EclipseLogger - Using 'UTF-8' encoding to copy filtered resources.
2024-03-13 13:22:11,859 [Worker-22: Building] INFO  o.e.m.c.i.embedder.EclipseLogger - skip non existing resourceDirectory E:\jdbc prg\hirbranate 1\Hb3\src\main\resources
2024-03-13 13:22:11,863 [Worker-22: Building] INFO  o.e.m.c.i.embedder.EclipseLogger - Using 'UTF-8' encoding to copy filtered resources.
2024-03-13 13:22:11,863 [Worker-22: Building] INFO  o.e.m.c.i.embedder.EclipseLogger - skip non existing resourceDirectory E:\jdbc prg\hirbranate 1\Hb3\src\test\resources
2024-03-13 13:24:09,379 [Worker-21: Building] INFO  o.e.m.c.i.embedder.EclipseLogger - Using 'UTF-8' encoding to copy filtered resources.
2024-03-13 13:24:09,379 [Worker-21: Building] INFO  o.e.m.c.i.embedder.EclipseLogger - skip non existing resourceDirectory E:\jdbc prg\hirbranate 1\Hb3\src\main\resources
2024-03-13 13:24:09,382 [Worker-21: Building] INFO  o.e.m.c.i.embedder.EclipseLogger - Using 'UTF-8' encoding to copy filtered resources.
2024-03-13 13:24:09,382 [Worker-21: Building] INFO  o.e.m.c.i.embedder.EclipseLogger - skip non existing resourceDirectory E:\jdbc prg\hirbranate 1\Hb3\src\test\resources
2024-03-13 13:25:46,232 [Worker-23: Building] INFO  o.e.m.c.i.embedder.EclipseLogger - Using 'UTF-8' encoding to copy filtered resources.
2024-03-13 13:25:46,233 [Worker-23: Building] INFO  o.e.m.c.i.embedder.EclipseLogger - skip non existing resourceDirectory E:\jdbc prg\hirbranate 1\Hb3\src\main\resources
2024-03-13 13:25:46,235 [Worker-23: Building] INFO  o.e.m.c.i.embedder.EclipseLogger - Using 'UTF-8' encoding to copy filtered resources.
2024-03-13 13:25:46,235 [Worker-23: Building] INFO  o.e.m.c.i.embedder.EclipseLogger - skip non existing resourceDirectory E:\jdbc prg\hirbranate 1\Hb3\src\test\resources
2024-03-13 13:27:28,447 [Worker-21: Building] INFO  o.e.m.c.i.embedder.EclipseLogger - Using 'UTF-8' encoding to copy filtered resources.
2024-03-13 13:27:28,447 [Worker-21: Building] INFO  o.e.m.c.i.embedder.EclipseLogger - skip non existing resourceDirectory E:\jdbc prg\hirbranate 1\Hb3\src\main\resources
2024-03-13 13:27:28,449 [Worker-21: Building] INFO  o.e.m.c.i.embedder.EclipseLogger - Using 'UTF-8' encoding to copy filtered resources.
2024-03-13 13:27:28,449 [Worker-21: Building] INFO  o.e.m.c.i.embedder.EclipseLogger - skip non existing resourceDirectory E:\jdbc prg\hirbranate 1\Hb3\src\test\resources
2024-03-13 13:27:49,923 [Worker-23: Building] INFO  o.e.m.c.i.embedder.EclipseLogger - Using 'UTF-8' encoding to copy filtered resources.
2024-03-13 13:27:49,923 [Worker-23: Building] INFO  o.e.m.c.i.embedder.EclipseLogger - skip non existing resourceDirectory E:\jdbc prg\hirbranate 1\Hb3\src\main\resources
2024-03-13 13:27:49,926 [Worker-23: Building] INFO  o.e.m.c.i.embedder.EclipseLogger - Using 'UTF-8' encoding to copy filtered resources.
2024-03-13 13:27:49,926 [Worker-23: Building] INFO  o.e.m.c.i.embedder.EclipseLogger - skip non existing resourceDirectory E:\jdbc prg\hirbranate 1\Hb3\src\test\resources
2024-03-13 13:28:10,677 [Worker-21: Building] INFO  o.e.m.c.i.embedder.EclipseLogger - Using 'UTF-8' encoding to copy filtered resources.
2024-03-13 13:28:10,677 [Worker-21: Building] INFO  o.e.m.c.i.embedder.EclipseLogger - skip non existing resourceDirectory E:\jdbc prg\hirbranate 1\Hb3\src\main\resources
2024-03-13 13:28:10,680 [Worker-21: Building] INFO  o.e.m.c.i.embedder.EclipseLogger - Using 'UTF-8' encoding to copy filtered resources.
2024-03-13 13:28:10,680 [Worker-21: Building] INFO  o.e.m.c.i.embedder.EclipseLogger - skip non existing resourceDirectory E:\jdbc prg\hirbranate 1\Hb3\src\test\resources
2024-03-13 13:29:37,804 [Worker-18: Building] INFO  o.e.m.c.i.embedder.EclipseLogger - Using 'UTF-8' encoding to copy filtered resources.
2024-03-13 13:29:37,804 [Worker-18: Building] INFO  o.e.m.c.i.embedder.EclipseLogger - skip non existing resourceDirectory E:\jdbc prg\hirbranate 1\Hb3\src\main\resources
2024-03-13 13:29:37,807 [Worker-18: Building] INFO  o.e.m.c.i.embedder.EclipseLogger - Using 'UTF-8' encoding to copy filtered resources.
2024-03-13 13:29:37,807 [Worker-18: Building] INFO  o.e.m.c.i.embedder.EclipseLogger - skip non existing resourceDirectory E:\jdbc prg\hirbranate 1\Hb3\src\test\resources
2024-03-13 13:30:03,230 [Worker-23: Building] INFO  o.e.m.c.i.embedder.EclipseLogger - Using 'UTF-8' encoding to copy filtered resources.
2024-03-13 13:30:03,231 [Worker-23: Building] INFO  o.e.m.c.i.embedder.EclipseLogger - skip non existing resourceDirectory E:\jdbc prg\hirbranate 1\Hb3\src\main\resources
2024-03-13 13:30:03,233 [Worker-23: Building] INFO  o.e.m.c.i.embedder.EclipseLogger - Using 'UTF-8' encoding to copy filtered resources.
2024-03-13 13:30:03,233 [Worker-23: Building] INFO  o.e.m.c.i.embedder.EclipseLogger - skip non existing resourceDirectory E:\jdbc prg\hirbranate 1\Hb3\src\test\resources
2024-03-13 13:32:17,668 [Worker-18: Building] INFO  o.e.m.c.i.embedder.EclipseLogger - Using 'UTF-8' encoding to copy filtered resources.
2024-03-13 13:32:17,668 [Worker-18: Building] INFO  o.e.m.c.i.embedder.EclipseLogger - skip non existing resourceDirectory E:\jdbc prg\hirbranate 1\Hb3\src\main\resources
2024-03-13 13:32:17,671 [Worker-18: Building] INFO  o.e.m.c.i.embedder.EclipseLogger - Using 'UTF-8' encoding to copy filtered resources.
2024-03-13 13:32:17,671 [Worker-18: Building] INFO  o.e.m.c.i.embedder.EclipseLogger - skip non existing resourceDirectory E:\jdbc prg\hirbranate 1\Hb3\src\test\resources
2024-03-13 13:32:54,793 [Worker-21: Building] INFO  o.e.m.c.i.embedder.EclipseLogger - Using 'UTF-8' encoding to copy filtered resources.
2024-03-13 13:32:54,793 [Worker-21: Building] INFO  o.e.m.c.i.embedder.EclipseLogger - skip non existing resourceDirectory E:\jdbc prg\hirbranate 1\Hb3\src\main\resources
2024-03-13 13:32:54,797 [Worker-21: Building] INFO  o.e.m.c.i.embedder.EclipseLogger - Using 'UTF-8' encoding to copy filtered resources.
2024-03-13 13:32:54,797 [Worker-21: Building] INFO  o.e.m.c.i.embedder.EclipseLogger - skip non existing resourceDirectory E:\jdbc prg\hirbranate 1\Hb3\src\test\resources
2024-03-13 13:33:09,712 [Worker-21: Building] INFO  o.e.m.c.i.embedder.EclipseLogger - Using 'UTF-8' encoding to copy filtered resources.
2024-03-13 13:33:09,712 [Worker-21: Building] INFO  o.e.m.c.i.embedder.EclipseLogger - skip non existing resourceDirectory E:\jdbc prg\hirbranate 1\Hb3\src\main\resources
2024-03-13 13:33:09,715 [Worker-21: Building] INFO  o.e.m.c.i.embedder.EclipseLogger - Using 'UTF-8' encoding to copy filtered resources.
2024-03-13 13:33:09,715 [Worker-21: Building] INFO  o.e.m.c.i.embedder.EclipseLogger - skip non existing resourceDirectory E:\jdbc prg\hirbranate 1\Hb3\src\test\resources
2024-03-13 13:35:14,015 [Worker-21: Building] INFO  o.e.m.c.i.embedder.EclipseLogger - Using 'UTF-8' encoding to copy filtered resources.
2024-03-13 13:35:14,016 [Worker-21: Building] INFO  o.e.m.c.i.embedder.EclipseLogger - skip non existing resourceDirectory E:\jdbc prg\hirbranate 1\Hb3\src\main\resources
2024-03-13 13:35:14,018 [Worker-21: Building] INFO  o.e.m.c.i.embedder.EclipseLogger - Using 'UTF-8' encoding to copy filtered resources.
2024-03-13 13:35:14,019 [Worker-21: Building] INFO  o.e.m.c.i.embedder.EclipseLogger - skip non existing resourceDirectory E:\jdbc prg\hirbranate 1\Hb3\src\test\resources
2024-03-13 13:39:23,418 [Worker-27: Building] INFO  o.e.m.c.i.embedder.EclipseLogger - Using 'UTF-8' encoding to copy filtered resources.
2024-03-13 13:39:23,418 [Worker-27: Building] INFO  o.e.m.c.i.embedder.EclipseLogger - skip non existing resourceDirectory E:\jdbc prg\hirbranate 1\Hb3\src\main\resources
2024-03-13 13:39:23,423 [Worker-27: Building] INFO  o.e.m.c.i.embedder.EclipseLogger - Using 'UTF-8' encoding to copy filtered resources.
2024-03-13 13:39:23,423 [Worker-27: Building] INFO  o.e.m.c.i.embedder.EclipseLogger - skip non existing resourceDirectory E:\jdbc prg\hirbranate 1\Hb3\src\test\resources
2024-03-13 13:42:59,157 [Worker-22: Building] INFO  o.e.m.c.i.embedder.EclipseLogger - Using 'UTF-8' encoding to copy filtered resources.
2024-03-13 13:42:59,158 [Worker-22: Building] INFO  o.e.m.c.i.embedder.EclipseLogger - skip non existing resourceDirectory E:\jdbc prg\hirbranate 1\Hb3\src\main\resources
2024-03-13 13:42:59,161 [Worker-22: Building] INFO  o.e.m.c.i.embedder.EclipseLogger - Using 'UTF-8' encoding to copy filtered resources.
2024-03-13 13:42:59,161 [Worker-22: Building] INFO  o.e.m.c.i.embedder.EclipseLogger - skip non existing resourceDirectory E:\jdbc prg\hirbranate 1\Hb3\src\test\resources
2024-03-13 13:48:43,153 [Worker-22: Building] INFO  o.e.m.c.i.embedder.EclipseLogger - Using 'UTF-8' encoding to copy filtered resources.
2024-03-13 13:48:43,154 [Worker-22: Building] INFO  o.e.m.c.i.embedder.EclipseLogger - skip non existing resourceDirectory E:\jdbc prg\hirbranate 1\Hb3\src\main\resources
2024-03-13 13:48:43,157 [Worker-22: Building] INFO  o.e.m.c.i.embedder.EclipseLogger - Using 'UTF-8' encoding to copy filtered resources.
2024-03-13 13:48:43,157 [Worker-22: Building] INFO  o.e.m.c.i.embedder.EclipseLogger - skip non existing resourceDirectory E:\jdbc prg\hirbranate 1\Hb3\src\test\resources
2024-03-13 13:49:16,735 [Worker-22: Building] INFO  o.e.m.c.i.embedder.EclipseLogger - Using 'UTF-8' encoding to copy filtered resources.
2024-03-13 13:49:16,736 [Worker-22: Building] INFO  o.e.m.c.i.embedder.EclipseLogger - skip non existing resourceDirectory E:\jdbc prg\hirbranate 1\Hb3\src\main\resources
2024-03-13 13:49:16,738 [Worker-22: Building] INFO  o.e.m.c.i.embedder.EclipseLogger - Using 'UTF-8' encoding to copy filtered resources.
2024-03-13 13:49:16,738 [Worker-22: Building] INFO  o.e.m.c.i.embedder.EclipseLogger - skip non existing resourceDirectory E:\jdbc prg\hirbranate 1\Hb3\src\test\resources
2024-03-13 13:50:19,906 [Worker-22: Building] INFO  o.e.m.c.i.embedder.EclipseLogger - Using 'UTF-8' encoding to copy filtered resources.
2024-03-13 13:50:19,906 [Worker-22: Building] INFO  o.e.m.c.i.embedder.EclipseLogger - skip non existing resourceDirectory E:\jdbc prg\hirbranate 1\Hb3\src\main\resources
2024-03-13 13:50:19,908 [Worker-22: Building] INFO  o.e.m.c.i.embedder.EclipseLogger - Using 'UTF-8' encoding to copy filtered resources.
2024-03-13 13:50:19,908 [Worker-22: Building] INFO  o.e.m.c.i.embedder.EclipseLogger - skip non existing resourceDirectory E:\jdbc prg\hirbranate 1\Hb3\src\test\resources
2024-03-13 13:51:16,852 [Worker-33: Building] INFO  o.e.m.c.i.embedder.EclipseLogger - Using 'UTF-8' encoding to copy filtered resources.
2024-03-13 13:51:16,852 [Worker-33: Building] INFO  o.e.m.c.i.embedder.EclipseLogger - skip non existing resourceDirectory E:\jdbc prg\hirbranate 1\Hb3\src\main\resources
2024-03-13 13:51:16,854 [Worker-33: Building] INFO  o.e.m.c.i.embedder.EclipseLogger - Using 'UTF-8' encoding to copy filtered resources.
2024-03-13 13:51:16,854 [Worker-33: Building] INFO  o.e.m.c.i.embedder.EclipseLogger - skip non existing resourceDirectory E:\jdbc prg\hirbranate 1\Hb3\src\test\resources
2024-03-13 13:51:34,892 [Worker-34: Building] INFO  o.e.m.c.i.embedder.EclipseLogger - Using 'UTF-8' encoding to copy filtered resources.
2024-03-13 13:51:34,892 [Worker-34: Building] INFO  o.e.m.c.i.embedder.EclipseLogger - skip non existing resourceDirectory E:\jdbc prg\hirbranate 1\Hb3\src\main\resources
2024-03-13 13:51:34,895 [Worker-34: Building] INFO  o.e.m.c.i.embedder.EclipseLogger - Using 'UTF-8' encoding to copy filtered resources.
2024-03-13 13:51:34,895 [Worker-34: Building] INFO  o.e.m.c.i.embedder.EclipseLogger - skip non existing resourceDirectory E:\jdbc prg\hirbranate 1\Hb3\src\test\resources
2024-03-13 13:53:23,273 [Worker-32: Building] INFO  o.e.m.c.i.embedder.EclipseLogger - Using 'UTF-8' encoding to copy filtered resources.
2024-03-13 13:53:23,273 [Worker-32: Building] INFO  o.e.m.c.i.embedder.EclipseLogger - skip non existing resourceDirectory E:\jdbc prg\hirbranate 1\Hb3\src\main\resources
2024-03-13 13:53:23,276 [Worker-32: Building] INFO  o.e.m.c.i.embedder.EclipseLogger - Using 'UTF-8' encoding to copy filtered resources.
2024-03-13 13:53:23,276 [Worker-32: Building] INFO  o.e.m.c.i.embedder.EclipseLogger - skip non existing resourceDirectory E:\jdbc prg\hirbranate 1\Hb3\src\test\resources
2024-03-13 13:53:29,122 [Worker-33: Building] INFO  o.e.m.c.i.embedder.EclipseLogger - Using 'UTF-8' encoding to copy filtered resources.
2024-03-13 13:53:29,123 [Worker-33: Building] INFO  o.e.m.c.i.embedder.EclipseLogger - skip non existing resourceDirectory E:\jdbc prg\hirbranate 1\Hb3\src\main\resources
2024-03-13 13:53:29,125 [Worker-33: Building] INFO  o.e.m.c.i.embedder.EclipseLogger - Using 'UTF-8' encoding to copy filtered resources.
2024-03-13 13:53:29,126 [Worker-33: Building] INFO  o.e.m.c.i.embedder.EclipseLogger - skip non existing resourceDirectory E:\jdbc prg\hirbranate 1\Hb3\src\test\resources
2024-03-13 14:04:21,654 [Worker-37: Building] INFO  o.e.m.c.i.embedder.EclipseLogger - Using 'UTF-8' encoding to copy filtered resources.
2024-03-13 14:04:21,654 [Worker-37: Building] INFO  o.e.m.c.i.embedder.EclipseLogger - skip non existing resourceDirectory E:\jdbc prg\hirbranate 1\Hb3\src\main\resources
2024-03-13 14:04:21,656 [Worker-37: Building] INFO  o.e.m.c.i.embedder.EclipseLogger - Using 'UTF-8' encoding to copy filtered resources.
2024-03-13 14:04:21,656 [Worker-37: Building] INFO  o.e.m.c.i.embedder.EclipseLogger - skip non existing resourceDirectory E:\jdbc prg\hirbranate 1\Hb3\src\test\resources
2024-03-13 14:05:04,170 [Worker-37: Building] INFO  o.e.m.c.i.embedder.EclipseLogger - Using 'UTF-8' encoding to copy filtered resources.
2024-03-13 14:05:04,170 [Worker-37: Building] INFO  o.e.m.c.i.embedder.EclipseLogger - skip non existing resourceDirectory E:\jdbc prg\hirbranate 1\Hb3\src\main\resources
2024-03-13 14:05:04,173 [Worker-37: Building] INFO  o.e.m.c.i.embedder.EclipseLogger - Using 'UTF-8' encoding to copy filtered resources.
2024-03-13 14:05:04,173 [Worker-37: Building] INFO  o.e.m.c.i.embedder.EclipseLogger - skip non existing resourceDirectory E:\jdbc prg\hirbranate 1\Hb3\src\test\resources
2024-03-13 14:05:44,723 [Worker-38: Building] INFO  o.e.m.c.i.embedder.EclipseLogger - Using 'UTF-8' encoding to copy filtered resources.
2024-03-13 14:05:44,723 [Worker-38: Building] INFO  o.e.m.c.i.embedder.EclipseLogger - skip non existing resourceDirectory E:\jdbc prg\hirbranate 1\Hb3\src\main\resources
2024-03-13 14:05:44,725 [Worker-38: Building] INFO  o.e.m.c.i.embedder.EclipseLogger - Using 'UTF-8' encoding to copy filtered resources.
2024-03-13 14:05:44,725 [Worker-38: Building] INFO  o.e.m.c.i.embedder.EclipseLogger - skip non existing resourceDirectory E:\jdbc prg\hirbranate 1\Hb3\src\test\resources
2024-03-13 14:06:37,628 [Worker-37: Building] INFO  o.e.m.c.i.embedder.EclipseLogger - Using 'UTF-8' encoding to copy filtered resources.
2024-03-13 14:06:37,628 [Worker-37: Building] INFO  o.e.m.c.i.embedder.EclipseLogger - skip non existing resourceDirectory E:\jdbc prg\hirbranate 1\Hb3\src\main\resources
2024-03-13 14:06:37,632 [Worker-37: Building] INFO  o.e.m.c.i.embedder.EclipseLogger - Using 'UTF-8' encoding to copy filtered resources.
2024-03-13 14:06:37,632 [Worker-37: Building] INFO  o.e.m.c.i.embedder.EclipseLogger - skip non existing resourceDirectory E:\jdbc prg\hirbranate 1\Hb3\src\test\resources
2024-03-13 14:07:00,327 [Worker-42: Building] INFO  o.e.m.c.i.embedder.EclipseLogger - Using 'UTF-8' encoding to copy filtered resources.
2024-03-13 14:07:00,327 [Worker-42: Building] INFO  o.e.m.c.i.embedder.EclipseLogger - skip non existing resourceDirectory E:\jdbc prg\hirbranate 1\Hb3\src\main\resources
2024-03-13 14:07:00,330 [Worker-42: Building] INFO  o.e.m.c.i.embedder.EclipseLogger - Using 'UTF-8' encoding to copy filtered resources.
2024-03-13 14:07:00,330 [Worker-42: Building] INFO  o.e.m.c.i.embedder.EclipseLogger - skip non existing resourceDirectory E:\jdbc prg\hirbranate 1\Hb3\src\test\resources
2024-03-13 14:08:08,410 [Worker-41: Building] INFO  o.e.m.c.i.embedder.EclipseLogger - Using 'UTF-8' encoding to copy filtered resources.
2024-03-13 14:08:08,410 [Worker-41: Building] INFO  o.e.m.c.i.embedder.EclipseLogger - skip non existing resourceDirectory E:\jdbc prg\hirbranate 1\Hb3\src\main\resources
2024-03-13 14:08:08,413 [Worker-41: Building] INFO  o.e.m.c.i.embedder.EclipseLogger - Using 'UTF-8' encoding to copy filtered resources.
2024-03-13 14:08:08,413 [Worker-41: Building] INFO  o.e.m.c.i.embedder.EclipseLogger - skip non existing resourceDirectory E:\jdbc prg\hirbranate 1\Hb3\src\test\resources
2024-03-13 14:08:52,795 [Worker-42: Building] INFO  o.e.m.c.i.embedder.EclipseLogger - Using 'UTF-8' encoding to copy filtered resources.
2024-03-13 14:08:52,795 [Worker-42: Building] INFO  o.e.m.c.i.embedder.EclipseLogger - skip non existing resourceDirectory E:\jdbc prg\hirbranate 1\Hb3\src\main\resources
2024-03-13 14:08:52,796 [Worker-42: Building] INFO  o.e.m.c.i.embedder.EclipseLogger - Using 'UTF-8' encoding to copy filtered resources.
2024-03-13 14:08:52,796 [Worker-42: Building] INFO  o.e.m.c.i.embedder.EclipseLogger - skip non existing resourceDirectory E:\jdbc prg\hirbranate 1\Hb3\src\test\resources
2024-03-13 14:09:07,387 [Worker-43: Building] INFO  o.e.m.c.i.embedder.EclipseLogger - Using 'UTF-8' encoding to copy filtered resources.
2024-03-13 14:09:07,387 [Worker-43: Building] INFO  o.e.m.c.i.embedder.EclipseLogger - skip non existing resourceDirectory E:\jdbc prg\hirbranate 1\Hb3\src\main\resources
2024-03-13 14:09:07,389 [Worker-43: Building] INFO  o.e.m.c.i.embedder.EclipseLogger - Using 'UTF-8' encoding to copy filtered resources.
2024-03-13 14:09:07,389 [Worker-43: Building] INFO  o.e.m.c.i.embedder.EclipseLogger - skip non existing resourceDirectory E:\jdbc prg\hirbranate 1\Hb3\src\test\resources
2024-03-13 14:09:18,043 [Worker-43: Building] INFO  o.e.m.c.i.embedder.EclipseLogger - Using 'UTF-8' encoding to copy filtered resources.
2024-03-13 14:09:18,043 [Worker-43: Building] INFO  o.e.m.c.i.embedder.EclipseLogger - skip non existing resourceDirectory E:\jdbc prg\hirbranate 1\Hb3\src\main\resources
2024-03-13 14:09:18,045 [Worker-43: Building] INFO  o.e.m.c.i.embedder.EclipseLogger - Using 'UTF-8' encoding to copy filtered resources.
2024-03-13 14:09:18,046 [Worker-43: Building] INFO  o.e.m.c.i.embedder.EclipseLogger - skip non existing resourceDirectory E:\jdbc prg\hirbranate 1\Hb3\src\test\resources
2024-03-13 14:09:45,311 [Worker-41: Building] INFO  o.e.m.c.i.embedder.EclipseLogger - Using 'UTF-8' encoding to copy filtered resources.
2024-03-13 14:09:45,311 [Worker-41: Building] INFO  o.e.m.c.i.embedder.EclipseLogger - skip non existing resourceDirectory E:\jdbc prg\hirbranate 1\Hb3\src\main\resources
2024-03-13 14:09:45,313 [Worker-41: Building] INFO  o.e.m.c.i.embedder.EclipseLogger - Using 'UTF-8' encoding to copy filtered resources.
2024-03-13 14:09:45,313 [Worker-41: Building] INFO  o.e.m.c.i.embedder.EclipseLogger - skip non existing resourceDirectory E:\jdbc prg\hirbranate 1\Hb3\src\test\resources
2024-03-13 14:13:45,364 [Worker-45: Building] INFO  o.e.m.c.i.embedder.EclipseLogger - Using 'UTF-8' encoding to copy filtered resources.
2024-03-13 14:13:45,365 [Worker-45: Building] INFO  o.e.m.c.i.embedder.EclipseLogger - skip non existing resourceDirectory E:\jdbc prg\hirbranate 1\Hb3\src\main\resources
2024-03-13 14:13:45,366 [Worker-45: Building] INFO  o.e.m.c.i.embedder.EclipseLogger - Using 'UTF-8' encoding to copy filtered resources.
2024-03-13 14:13:45,367 [Worker-45: Building] INFO  o.e.m.c.i.embedder.EclipseLogger - skip non existing resourceDirectory E:\jdbc prg\hirbranate 1\Hb3\src\test\resources
2024-03-13 14:21:52,059 [Worker-50: Building] INFO  o.e.m.c.i.embedder.EclipseLogger - Using 'UTF-8' encoding to copy filtered resources.
2024-03-13 14:21:52,059 [Worker-50: Building] INFO  o.e.m.c.i.embedder.EclipseLogger - skip non existing resourceDirectory E:\jdbc prg\hirbranate 1\Hb3\src\main\resources
2024-03-13 14:21:52,061 [Worker-50: Building] INFO  o.e.m.c.i.embedder.EclipseLogger - Using 'UTF-8' encoding to copy filtered resources.
2024-03-13 14:21:52,062 [Worker-50: Building] INFO  o.e.m.c.i.embedder.EclipseLogger - skip non existing resourceDirectory E:\jdbc prg\hirbranate 1\Hb3\src\test\resources
2024-03-13 14:26:46,981 [Worker-49: Building] INFO  o.e.m.c.i.embedder.EclipseLogger - Using 'UTF-8' encoding to copy filtered resources.
2024-03-13 14:26:46,981 [Worker-49: Building] INFO  o.e.m.c.i.embedder.EclipseLogger - skip non existing resourceDirectory E:\jdbc prg\hirbranate 1\Hb3\src\main\resources
2024-03-13 14:26:46,983 [Worker-49: Building] INFO  o.e.m.c.i.embedder.EclipseLogger - Using 'UTF-8' encoding to copy filtered resources.
2024-03-13 14:26:46,983 [Worker-49: Building] INFO  o.e.m.c.i.embedder.EclipseLogger - skip non existing resourceDirectory E:\jdbc prg\hirbranate 1\Hb3\src\test\resources
2024-03-13 14:27:31,895 [Worker-52: Building] INFO  o.e.m.c.i.embedder.EclipseLogger - Using 'UTF-8' encoding to copy filtered resources.
2024-03-13 14:27:31,895 [Worker-52: Building] INFO  o.e.m.c.i.embedder.EclipseLogger - skip non existing resourceDirectory E:\jdbc prg\hirbranate 1\Hb3\src\main\resources
2024-03-13 14:27:31,897 [Worker-52: Building] INFO  o.e.m.c.i.embedder.EclipseLogger - Using 'UTF-8' encoding to copy filtered resources.
2024-03-13 14:27:31,897 [Worker-52: Building] INFO  o.e.m.c.i.embedder.EclipseLogger - skip non existing resourceDirectory E:\jdbc prg\hirbranate 1\Hb3\src\test\resources
2024-03-13 14:28:07,088 [Worker-51: Building] INFO  o.e.m.c.i.embedder.EclipseLogger - Using 'UTF-8' encoding to copy filtered resources.
2024-03-13 14:28:07,088 [Worker-51: Building] INFO  o.e.m.c.i.embedder.EclipseLogger - skip non existing resourceDirectory E:\jdbc prg\hirbranate 1\Hb3\src\main\resources
2024-03-13 14:28:07,090 [Worker-51: Building] INFO  o.e.m.c.i.embedder.EclipseLogger - Using 'UTF-8' encoding to copy filtered resources.
2024-03-13 14:28:07,091 [Worker-51: Building] INFO  o.e.m.c.i.embedder.EclipseLogger - skip non existing resourceDirectory E:\jdbc prg\hirbranate 1\Hb3\src\test\resources
2024-03-13 15:14:46,709 [Worker-52: Launching mavenrun-27fc1237-a277-461b-93c8-26e99201eaa9] INFO  o.eclipse.m2e.core.internal.Bundles - getClasspathEntries(Bundle=org.eclipse.m2e.maven.runtime_3.9.500.20231113-2345 [1461])
2024-03-13 15:14:46,712 [Worker-52: Launching mavenrun-27fc1237-a277-461b-93c8-26e99201eaa9] INFO  o.eclipse.m2e.core.internal.Bundles - 	Entry: C:\Users\admin\.p2\pool\plugins\org.eclipse.m2e.maven.runtime_3.9.500.20231113-2345
2024-03-13 15:14:46,712 [Worker-52: Launching mavenrun-27fc1237-a277-461b-93c8-26e99201eaa9] INFO  o.eclipse.m2e.core.internal.Bundles - 	Entry: C:\Users\admin\.p2\pool\plugins\org.eclipse.m2e.maven.runtime_3.9.500.20231113-2345\jars\aopalliance-1.0.jar
2024-03-13 15:14:46,712 [Worker-52: Launching mavenrun-27fc1237-a277-461b-93c8-26e99201eaa9] INFO  o.eclipse.m2e.core.internal.Bundles - 	Entry: C:\Users\admin\.p2\pool\plugins\org.eclipse.m2e.maven.runtime_3.9.500.20231113-2345\jars\guice-5.1.0.jar
2024-03-13 15:14:46,712 [Worker-52: Launching mavenrun-27fc1237-a277-461b-93c8-26e99201eaa9] INFO  o.eclipse.m2e.core.internal.Bundles - 	Entry: C:\Users\admin\.p2\pool\plugins\org.eclipse.m2e.maven.runtime_3.9.500.20231113-2345\jars\httpclient-4.5.14.jar
2024-03-13 15:14:46,713 [Worker-52: Launching mavenrun-27fc1237-a277-461b-93c8-26e99201eaa9] INFO  o.eclipse.m2e.core.internal.Bundles - 	Entry: C:\Users\admin\.p2\pool\plugins\org.eclipse.m2e.maven.runtime_3.9.500.20231113-2345\jars\httpcore-4.4.16.jar
2024-03-13 15:14:46,713 [Worker-52: Launching mavenrun-27fc1237-a277-461b-93c8-26e99201eaa9] INFO  o.eclipse.m2e.core.internal.Bundles - 	Entry: C:\Users\admin\.p2\pool\plugins\org.eclipse.m2e.maven.runtime_3.9.500.20231113-2345\jars\jansi-2.4.0.jar
2024-03-13 15:14:46,713 [Worker-52: Launching mavenrun-27fc1237-a277-461b-93c8-26e99201eaa9] INFO  o.eclipse.m2e.core.internal.Bundles - 	Entry: C:\Users\admin\.p2\pool\plugins\org.eclipse.m2e.maven.runtime_3.9.500.20231113-2345\jars\jcl-over-slf4j-1.7.36.jar
2024-03-13 15:14:46,713 [Worker-52: Launching mavenrun-27fc1237-a277-461b-93c8-26e99201eaa9] INFO  o.eclipse.m2e.core.internal.Bundles - 	Entry: C:\Users\admin\.p2\pool\plugins\org.eclipse.m2e.maven.runtime_3.9.500.20231113-2345\jars\maven-artifact-3.9.5.jar
2024-03-13 15:14:46,713 [Worker-52: Launching mavenrun-27fc1237-a277-461b-93c8-26e99201eaa9] INFO  o.eclipse.m2e.core.internal.Bundles - 	Entry: C:\Users\admin\.p2\pool\plugins\org.eclipse.m2e.maven.runtime_3.9.500.20231113-2345\jars\maven-builder-support-3.9.5.jar
2024-03-13 15:14:46,714 [Worker-52: Launching mavenrun-27fc1237-a277-461b-93c8-26e99201eaa9] INFO  o.eclipse.m2e.core.internal.Bundles - 	Entry: C:\Users\admin\.p2\pool\plugins\org.eclipse.m2e.maven.runtime_3.9.500.20231113-2345\jars\maven-compat-3.9.5.jar
2024-03-13 15:14:46,714 [Worker-52: Launching mavenrun-27fc1237-a277-461b-93c8-26e99201eaa9] INFO  o.eclipse.m2e.core.internal.Bundles - 	Entry: C:\Users\admin\.p2\pool\plugins\org.eclipse.m2e.maven.runtime_3.9.500.20231113-2345\jars\maven-core-3.9.5.jar
2024-03-13 15:14:46,714 [Worker-52: Launching mavenrun-27fc1237-a277-461b-93c8-26e99201eaa9] INFO  o.eclipse.m2e.core.internal.Bundles - 	Entry: C:\Users\admin\.p2\pool\plugins\org.eclipse.m2e.maven.runtime_3.9.500.20231113-2345\jars\maven-embedder-3.9.5.jar
2024-03-13 15:14:46,715 [Worker-52: Launching mavenrun-27fc1237-a277-461b-93c8-26e99201eaa9] INFO  o.eclipse.m2e.core.internal.Bundles - 	Entry: C:\Users\admin\.p2\pool\plugins\org.eclipse.m2e.maven.runtime_3.9.500.20231113-2345\jars\maven-model-3.9.5.jar
2024-03-13 15:14:46,715 [Worker-52: Launching mavenrun-27fc1237-a277-461b-93c8-26e99201eaa9] INFO  o.eclipse.m2e.core.internal.Bundles - 	Entry: C:\Users\admin\.p2\pool\plugins\org.eclipse.m2e.maven.runtime_3.9.500.20231113-2345\jars\maven-model-builder-3.9.5.jar
2024-03-13 15:14:46,715 [Worker-52: Launching mavenrun-27fc1237-a277-461b-93c8-26e99201eaa9] INFO  o.eclipse.m2e.core.internal.Bundles - 	Entry: C:\Users\admin\.p2\pool\plugins\org.eclipse.m2e.maven.runtime_3.9.500.20231113-2345\jars\maven-plugin-api-3.9.5.jar
2024-03-13 15:14:46,716 [Worker-52: Launching mavenrun-27fc1237-a277-461b-93c8-26e99201eaa9] INFO  o.eclipse.m2e.core.internal.Bundles - 	Entry: C:\Users\admin\.p2\pool\plugins\org.eclipse.m2e.maven.runtime_3.9.500.20231113-2345\jars\maven-repository-metadata-3.9.5.jar
2024-03-13 15:14:46,716 [Worker-52: Launching mavenrun-27fc1237-a277-461b-93c8-26e99201eaa9] INFO  o.eclipse.m2e.core.internal.Bundles - 	Entry: C:\Users\admin\.p2\pool\plugins\org.eclipse.m2e.maven.runtime_3.9.500.20231113-2345\jars\maven-resolver-api-1.9.16.jar
2024-03-13 15:14:46,716 [Worker-52: Launching mavenrun-27fc1237-a277-461b-93c8-26e99201eaa9] INFO  o.eclipse.m2e.core.internal.Bundles - 	Entry: C:\Users\admin\.p2\pool\plugins\org.eclipse.m2e.maven.runtime_3.9.500.20231113-2345\jars\maven-resolver-connector-basic-1.9.16.jar
2024-03-13 15:14:46,717 [Worker-52: Launching mavenrun-27fc1237-a277-461b-93c8-26e99201eaa9] INFO  o.eclipse.m2e.core.internal.Bundles - 	Entry: C:\Users\admin\.p2\pool\plugins\org.eclipse.m2e.maven.runtime_3.9.500.20231113-2345\jars\maven-resolver-impl-1.9.16.jar
2024-03-13 15:14:46,718 [Worker-52: Launching mavenrun-27fc1237-a277-461b-93c8-26e99201eaa9] INFO  o.eclipse.m2e.core.internal.Bundles - 	Entry: C:\Users\admin\.p2\pool\plugins\org.eclipse.m2e.maven.runtime_3.9.500.20231113-2345\jars\maven-resolver-named-locks-1.9.16.jar
2024-03-13 15:14:46,720 [Worker-52: Launching mavenrun-27fc1237-a277-461b-93c8-26e99201eaa9] INFO  o.eclipse.m2e.core.internal.Bundles - 	Entry: C:\Users\admin\.p2\pool\plugins\org.eclipse.m2e.maven.runtime_3.9.500.20231113-2345\jars\maven-resolver-provider-3.9.5.jar
2024-03-13 15:14:46,722 [Worker-52: Launching mavenrun-27fc1237-a277-461b-93c8-26e99201eaa9] INFO  o.eclipse.m2e.core.internal.Bundles - 	Entry: C:\Users\admin\.p2\pool\plugins\org.eclipse.m2e.maven.runtime_3.9.500.20231113-2345\jars\maven-resolver-spi-1.9.16.jar
2024-03-13 15:14:46,724 [Worker-52: Launching mavenrun-27fc1237-a277-461b-93c8-26e99201eaa9] INFO  o.eclipse.m2e.core.internal.Bundles - 	Entry: C:\Users\admin\.p2\pool\plugins\org.eclipse.m2e.maven.runtime_3.9.500.20231113-2345\jars\maven-resolver-transport-file-1.9.16.jar
2024-03-13 15:14:46,724 [Worker-52: Launching mavenrun-27fc1237-a277-461b-93c8-26e99201eaa9] INFO  o.eclipse.m2e.core.internal.Bundles - 	Entry: C:\Users\admin\.p2\pool\plugins\org.eclipse.m2e.maven.runtime_3.9.500.20231113-2345\jars\maven-resolver-transport-http-1.9.16.jar
2024-03-13 15:14:46,726 [Worker-52: Launching mavenrun-27fc1237-a277-461b-93c8-26e99201eaa9] INFO  o.eclipse.m2e.core.internal.Bundles - 	Entry: C:\Users\admin\.p2\pool\plugins\org.eclipse.m2e.maven.runtime_3.9.500.20231113-2345\jars\maven-resolver-transport-wagon-1.9.16.jar
2024-03-13 15:14:46,726 [Worker-52: Launching mavenrun-27fc1237-a277-461b-93c8-26e99201eaa9] INFO  o.eclipse.m2e.core.internal.Bundles - 	Entry: C:\Users\admin\.p2\pool\plugins\org.eclipse.m2e.maven.runtime_3.9.500.20231113-2345\jars\maven-resolver-util-1.9.16.jar
2024-03-13 15:14:46,727 [Worker-52: Launching mavenrun-27fc1237-a277-461b-93c8-26e99201eaa9] INFO  o.eclipse.m2e.core.internal.Bundles - 	Entry: C:\Users\admin\.p2\pool\plugins\org.eclipse.m2e.maven.runtime_3.9.500.20231113-2345\jars\maven-settings-3.9.5.jar
2024-03-13 15:14:46,727 [Worker-52: Launching mavenrun-27fc1237-a277-461b-93c8-26e99201eaa9] INFO  o.eclipse.m2e.core.internal.Bundles - 	Entry: C:\Users\admin\.p2\pool\plugins\org.eclipse.m2e.maven.runtime_3.9.500.20231113-2345\jars\maven-settings-builder-3.9.5.jar
2024-03-13 15:14:46,728 [Worker-52: Launching mavenrun-27fc1237-a277-461b-93c8-26e99201eaa9] INFO  o.eclipse.m2e.core.internal.Bundles - 	Entry: C:\Users\admin\.p2\pool\plugins\org.eclipse.m2e.maven.runtime_3.9.500.20231113-2345\jars\maven-shared-utils-3.3.4.jar
2024-03-13 15:14:46,728 [Worker-52: Launching mavenrun-27fc1237-a277-461b-93c8-26e99201eaa9] INFO  o.eclipse.m2e.core.internal.Bundles - 	Entry: C:\Users\admin\.p2\pool\plugins\org.eclipse.m2e.maven.runtime_3.9.500.20231113-2345\jars\org.eclipse.sisu.inject-0.3.5.jar
2024-03-13 15:14:46,729 [Worker-52: Launching mavenrun-27fc1237-a277-461b-93c8-26e99201eaa9] INFO  o.eclipse.m2e.core.internal.Bundles - 	Entry: C:\Users\admin\.p2\pool\plugins\org.eclipse.m2e.maven.runtime_3.9.500.20231113-2345\jars\org.eclipse.sisu.plexus-0.3.5.jar
2024-03-13 15:14:46,729 [Worker-52: Launching mavenrun-27fc1237-a277-461b-93c8-26e99201eaa9] INFO  o.eclipse.m2e.core.internal.Bundles - 	Entry: C:\Users\admin\.p2\pool\plugins\org.eclipse.m2e.maven.runtime_3.9.500.20231113-2345\jars\plexus-build-api-0.0.7.jar
2024-03-13 15:14:46,729 [Worker-52: Launching mavenrun-27fc1237-a277-461b-93c8-26e99201eaa9] INFO  o.eclipse.m2e.core.internal.Bundles - 	Entry: C:\Users\admin\.p2\pool\plugins\org.eclipse.m2e.maven.runtime_3.9.500.20231113-2345\jars\plexus-cipher-2.0.jar
2024-03-13 15:14:46,730 [Worker-52: Launching mavenrun-27fc1237-a277-461b-93c8-26e99201eaa9] INFO  o.eclipse.m2e.core.internal.Bundles - 	Entry: C:\Users\admin\.p2\pool\plugins\org.eclipse.m2e.maven.runtime_3.9.500.20231113-2345\jars\plexus-classworlds-2.7.0.jar
2024-03-13 15:14:46,730 [Worker-52: Launching mavenrun-27fc1237-a277-461b-93c8-26e99201eaa9] INFO  o.eclipse.m2e.core.internal.Bundles - 	Entry: C:\Users\admin\.p2\pool\plugins\org.eclipse.m2e.maven.runtime_3.9.500.20231113-2345\jars\plexus-component-annotations-2.1.0.jar
2024-03-13 15:14:46,731 [Worker-52: Launching mavenrun-27fc1237-a277-461b-93c8-26e99201eaa9] INFO  o.eclipse.m2e.core.internal.Bundles - 	Entry: C:\Users\admin\.p2\pool\plugins\org.eclipse.m2e.maven.runtime_3.9.500.20231113-2345\jars\plexus-interpolation-1.26.jar
2024-03-13 15:14:46,731 [Worker-52: Launching mavenrun-27fc1237-a277-461b-93c8-26e99201eaa9] INFO  o.eclipse.m2e.core.internal.Bundles - 	Entry: C:\Users\admin\.p2\pool\plugins\org.eclipse.m2e.maven.runtime_3.9.500.20231113-2345\jars\plexus-sec-dispatcher-2.0.jar
2024-03-13 15:14:46,732 [Worker-52: Launching mavenrun-27fc1237-a277-461b-93c8-26e99201eaa9] INFO  o.eclipse.m2e.core.internal.Bundles - 	Entry: C:\Users\admin\.p2\pool\plugins\org.eclipse.m2e.maven.runtime_3.9.500.20231113-2345\jars\plexus-utils-3.5.1.jar
2024-03-13 15:14:46,732 [Worker-52: Launching mavenrun-27fc1237-a277-461b-93c8-26e99201eaa9] INFO  o.eclipse.m2e.core.internal.Bundles - 	Entry: C:\Users\admin\.p2\pool\plugins\org.eclipse.m2e.maven.runtime_3.9.500.20231113-2345\jars\wagon-file-3.5.3.jar
2024-03-13 15:14:46,732 [Worker-52: Launching mavenrun-27fc1237-a277-461b-93c8-26e99201eaa9] INFO  o.eclipse.m2e.core.internal.Bundles - 	Entry: C:\Users\admin\.p2\pool\plugins\org.eclipse.m2e.maven.runtime_3.9.500.20231113-2345\jars\wagon-http-3.5.3.jar
2024-03-13 15:14:46,733 [Worker-52: Launching mavenrun-27fc1237-a277-461b-93c8-26e99201eaa9] INFO  o.eclipse.m2e.core.internal.Bundles - 	Entry: C:\Users\admin\.p2\pool\plugins\org.eclipse.m2e.maven.runtime_3.9.500.20231113-2345\jars\wagon-http-shared-3.5.3.jar
2024-03-13 15:14:46,733 [Worker-52: Launching mavenrun-27fc1237-a277-461b-93c8-26e99201eaa9] INFO  o.eclipse.m2e.core.internal.Bundles - 	Entry: C:\Users\admin\.p2\pool\plugins\org.eclipse.m2e.maven.runtime_3.9.500.20231113-2345\jars\wagon-provider-api-3.5.3.jar
2024-03-13 15:14:46,735 [Worker-52: Launching mavenrun-27fc1237-a277-461b-93c8-26e99201eaa9] INFO  o.eclipse.m2e.core.internal.Bundles - getClasspathEntries(Bundle=com.google.guava_32.1.3.jre [982])
2024-03-13 15:14:46,738 [Worker-52: Launching mavenrun-27fc1237-a277-461b-93c8-26e99201eaa9] INFO  o.eclipse.m2e.core.internal.Bundles - 	Entry: C:\Users\admin\.p2\pool\plugins\com.google.guava_32.1.3.jre.jar
2024-03-13 15:14:46,739 [Worker-52: Launching mavenrun-27fc1237-a277-461b-93c8-26e99201eaa9] INFO  o.eclipse.m2e.core.internal.Bundles - getClasspathEntries(Bundle=slf4j.api_2.0.12 [1712])
2024-03-13 15:14:46,740 [Worker-52: Launching mavenrun-27fc1237-a277-461b-93c8-26e99201eaa9] INFO  o.eclipse.m2e.core.internal.Bundles - 	Entry: C:\Users\admin\.p2\pool\plugins\slf4j.api_2.0.12.jar
2024-03-13 15:14:46,740 [Worker-52: Launching mavenrun-27fc1237-a277-461b-93c8-26e99201eaa9] INFO  o.eclipse.m2e.core.internal.Bundles - getClasspathEntries(Bundle=javax.inject_1.0.0.v20220405-0441 [37])
2024-03-13 15:14:46,741 [Worker-52: Launching mavenrun-27fc1237-a277-461b-93c8-26e99201eaa9] INFO  o.eclipse.m2e.core.internal.Bundles - 	Entry: C:\Users\admin\.p2\pool\plugins\javax.inject_1.0.0.v20220405-0441.jar
2024-03-13 15:14:46,741 [Worker-52: Launching mavenrun-27fc1237-a277-461b-93c8-26e99201eaa9] INFO  o.eclipse.m2e.core.internal.Bundles - getClasspathEntries(Bundle=javax.annotation_1.3.5.v20230504-0748 [35])
2024-03-13 15:14:46,742 [Worker-52: Launching mavenrun-27fc1237-a277-461b-93c8-26e99201eaa9] INFO  o.eclipse.m2e.core.internal.Bundles - 	Entry: C:\Users\admin\.p2\pool\plugins\javax.annotation_1.3.5.v20230504-0748.jar
2024-03-13 15:14:46,742 [Worker-52: Launching mavenrun-27fc1237-a277-461b-93c8-26e99201eaa9] INFO  o.eclipse.m2e.core.internal.Bundles - getClasspathEntries(Bundle=org.apache.commons.cli_1.6.0 [1014])
2024-03-13 15:14:46,742 [Worker-52: Launching mavenrun-27fc1237-a277-461b-93c8-26e99201eaa9] INFO  o.eclipse.m2e.core.internal.Bundles - 	Entry: C:\Users\admin\.p2\pool\plugins\org.apache.commons.cli_1.6.0.jar
2024-03-13 15:14:46,742 [Worker-52: Launching mavenrun-27fc1237-a277-461b-93c8-26e99201eaa9] INFO  o.eclipse.m2e.core.internal.Bundles - getClasspathEntries(Bundle=org.apache.commons.commons-codec_1.16.0 [1017])
2024-03-13 15:14:46,743 [Worker-52: Launching mavenrun-27fc1237-a277-461b-93c8-26e99201eaa9] INFO  o.eclipse.m2e.core.internal.Bundles - 	Entry: C:\Users\admin\.p2\pool\plugins\org.apache.commons.commons-codec_1.16.0.jar
2024-03-13 15:14:46,743 [Worker-52: Launching mavenrun-27fc1237-a277-461b-93c8-26e99201eaa9] INFO  o.eclipse.m2e.core.internal.Bundles - getClasspathEntries(Bundle=org.apache.commons.lang3_3.13.0 [1021])
2024-03-13 15:14:46,743 [Worker-52: Launching mavenrun-27fc1237-a277-461b-93c8-26e99201eaa9] INFO  o.eclipse.m2e.core.internal.Bundles - 	Entry: C:\Users\admin\.p2\pool\plugins\org.apache.commons.lang3_3.13.0.jar
2024-03-13 15:14:46,743 [Worker-52: Launching mavenrun-27fc1237-a277-461b-93c8-26e99201eaa9] INFO  o.eclipse.m2e.core.internal.Bundles - getClasspathEntries(Bundle=com.google.guava.failureaccess_1.0.2 [983])
2024-03-13 15:14:46,744 [Worker-52: Launching mavenrun-27fc1237-a277-461b-93c8-26e99201eaa9] INFO  o.eclipse.m2e.core.internal.Bundles - 	Entry: C:\Users\admin\.p2\pool\plugins\com.google.guava.failureaccess_1.0.2.jar
2024-03-13 15:14:46,748 [Worker-52: Launching mavenrun-27fc1237-a277-461b-93c8-26e99201eaa9] INFO  o.e.m.i.launch.MavenLaunchDelegate - Run build in "C:\Users\admin\AppData\Local\Temp\m2e-archetypeGenerator1539251569156818187":
2024-03-13 15:14:46,748 [Worker-52: Launching mavenrun-27fc1237-a277-461b-93c8-26e99201eaa9] INFO  o.e.m.i.launch.MavenLaunchDelegate -  mvn  -DarchetypeGroupId=org.apache.maven.archetypes -DarchetypeArtifactId=maven-archetype-quickstart -DarchetypeVersion=1.4 -DgroupId=Hb4 -DartifactId=Hb4 -Dversion=0.0.1-SNAPSHOT -Dpackage=com.demo -DoutputDirectory="E:\jdbc prg\hirbranate 1" -B -Dstyle.color=always -U archetype:generate
2024-03-13 15:15:06,127 [Worker-59: Creating maven-archetype-quickstart] INFO  o.e.m.c.i.p.ProjectConfigurationManager - Collecting project info '/pom.xml' E:\jdbc prg\hirbranate 1\Hb4\pom.xml
2024-03-13 15:15:10,374 [Worker-59: Creating maven-archetype-quickstart] INFO  o.e.m.c.i.l.LifecycleMappingFactory - Using org.eclipse.m2e.jdt.JarLifecycleMapping lifecycle mapping for MavenProject: Hb4:Hb4:0.0.1-SNAPSHOT @ E:\jdbc prg\hirbranate 1\Hb4\pom.xml.
2024-03-13 15:15:11,617 [Worker-59: Creating maven-archetype-quickstart] INFO  o.e.m.j.i.AbstractJavaProjectConfigurator - Adding source folder /Hb4/src/main/java
2024-03-13 15:15:11,617 [Worker-59: Creating maven-archetype-quickstart] INFO  o.e.m.j.i.AbstractJavaProjectConfigurator - Adding resource folder /Hb4/src/main/resources
2024-03-13 15:15:11,629 [Worker-59: Creating maven-archetype-quickstart] INFO  o.e.m.j.i.AbstractJavaProjectConfigurator - Adding source folder /Hb4/src/test/java
2024-03-13 15:15:11,629 [Worker-59: Creating maven-archetype-quickstart] INFO  o.e.m.j.i.AbstractJavaProjectConfigurator - Adding resource folder /Hb4/src/test/resources
2024-03-13 15:15:11,837 [Worker-59: Creating maven-archetype-quickstart] INFO  o.e.m.c.i.p.ProjectConfigurationManager - Imported and configured 1 project(s) in 5 sec
2024-03-13 15:15:12,153 [Worker-62: Building] INFO  o.e.m.c.i.embedder.EclipseLogger - Using 'UTF-8' encoding to copy filtered resources.
2024-03-13 15:15:12,154 [Worker-62: Building] INFO  o.e.m.c.i.embedder.EclipseLogger - skip non existing resourceDirectory E:\jdbc prg\hirbranate 1\Hb4\src\main\resources
2024-03-13 15:15:12,157 [Worker-62: Building] INFO  o.e.m.c.i.embedder.EclipseLogger - Using 'UTF-8' encoding to copy filtered resources.
2024-03-13 15:15:12,157 [Worker-62: Building] INFO  o.e.m.c.i.embedder.EclipseLogger - skip non existing resourceDirectory E:\jdbc prg\hirbranate 1\Hb4\src\test\resources
2024-03-13 15:22:01,259 [Worker-60: Updating Maven Project] INFO  o.e.m.c.i.p.ProjectConfigurationManager - Update started
2024-03-13 15:22:02,475 [Worker-60: Updating Maven Project] INFO  o.e.m.c.i.l.LifecycleMappingFactory - Using org.eclipse.m2e.jdt.JarLifecycleMapping lifecycle mapping for MavenProject: Hb4:Hb4:0.0.1-SNAPSHOT @ E:\jdbc prg\hirbranate 1\Hb4\pom.xml.
2024-03-13 15:22:02,601 [Worker-60: Updating Maven Project] INFO  o.e.m.c.i.l.LifecycleMappingFactory - Using org.eclipse.m2e.jdt.JarLifecycleMapping lifecycle mapping for MavenProject: Hb3:Hb3:0.0.1-SNAPSHOT @ E:\jdbc prg\hirbranate 1\Hb3\pom.xml.
2024-03-13 15:22:04,448 [Worker-60: Updating Maven Project] INFO  o.e.m.j.i.AbstractJavaProjectConfigurator - Adding source folder /Hb4/src/main/java
2024-03-13 15:22:04,448 [Worker-60: Updating Maven Project] INFO  o.e.m.j.i.AbstractJavaProjectConfigurator - Adding resource folder /Hb4/src/main/resources
2024-03-13 15:22:04,449 [Worker-60: Updating Maven Project] INFO  o.e.m.j.i.AbstractJavaProjectConfigurator - Adding source folder /Hb4/src/test/java
2024-03-13 15:22:04,449 [Worker-60: Updating Maven Project] INFO  o.e.m.j.i.AbstractJavaProjectConfigurator - Adding resource folder /Hb4/src/test/resources
2024-03-13 15:22:04,614 [Worker-60: Updating Maven Project] INFO  o.e.m.c.i.p.ProjectConfigurationManager - Update completed for 1 poms: local refresh takes 0.00 sec, refresh facades takes 2.00 sec, update config takes 0.00 sec 
2024-03-13 15:22:04,828 [Worker-64: Building] INFO  o.e.m.c.i.embedder.EclipseLogger - Using 'UTF-8' encoding to copy filtered resources.
2024-03-13 15:22:04,829 [Worker-64: Building] INFO  o.e.m.c.i.embedder.EclipseLogger - skip non existing resourceDirectory E:\jdbc prg\hirbranate 1\Hb4\src\main\resources
2024-03-13 15:22:04,833 [Worker-64: Building] INFO  o.e.m.c.i.embedder.EclipseLogger - Using 'UTF-8' encoding to copy filtered resources.
2024-03-13 15:22:04,834 [Worker-64: Building] INFO  o.e.m.c.i.embedder.EclipseLogger - skip non existing resourceDirectory E:\jdbc prg\hirbranate 1\Hb4\src\test\resources
2024-03-13 15:33:49,634 [Worker-65: Building] INFO  o.e.m.c.i.l.LifecycleMappingFactory - Using org.eclipse.m2e.jdt.JarLifecycleMapping lifecycle mapping for MavenProject: Hb4:Hb4:0.0.1-SNAPSHOT @ E:\jdbc prg\hirbranate 1\Hb4\pom.xml.
2024-03-13 15:33:50,332 [Worker-65: Building] INFO  o.e.m.c.i.embedder.EclipseLogger - Using 'UTF-8' encoding to copy filtered resources.
2024-03-13 15:33:50,332 [Worker-65: Building] INFO  o.e.m.c.i.embedder.EclipseLogger - skip non existing resourceDirectory E:\jdbc prg\hirbranate 1\Hb4\src\main\resources
2024-03-13 15:33:50,336 [Worker-65: Building] INFO  o.e.m.c.i.embedder.EclipseLogger - Using 'UTF-8' encoding to copy filtered resources.
2024-03-13 15:33:50,336 [Worker-65: Building] INFO  o.e.m.c.i.embedder.EclipseLogger - skip non existing resourceDirectory E:\jdbc prg\hirbranate 1\Hb4\src\test\resources
2024-03-13 15:37:08,747 [Worker-70: Building] INFO  o.e.m.c.i.l.LifecycleMappingFactory - Using org.eclipse.m2e.jdt.JarLifecycleMapping lifecycle mapping for MavenProject: Hb4:Hb4:0.0.1-SNAPSHOT @ E:\jdbc prg\hirbranate 1\Hb4\pom.xml.
2024-03-13 15:37:09,534 [Worker-70: Building] INFO  o.e.m.c.i.embedder.EclipseLogger - Using 'UTF-8' encoding to copy filtered resources.
2024-03-13 15:37:09,534 [Worker-70: Building] INFO  o.e.m.c.i.embedder.EclipseLogger - skip non existing resourceDirectory E:\jdbc prg\hirbranate 1\Hb4\src\main\resources
2024-03-13 15:37:09,538 [Worker-70: Building] INFO  o.e.m.c.i.embedder.EclipseLogger - Using 'UTF-8' encoding to copy filtered resources.
2024-03-13 15:37:09,538 [Worker-70: Building] INFO  o.e.m.c.i.embedder.EclipseLogger - skip non existing resourceDirectory E:\jdbc prg\hirbranate 1\Hb4\src\test\resources
2024-03-13 15:37:16,631 [Worker-60: Building] INFO  o.e.m.c.i.embedder.EclipseLogger - Using 'UTF-8' encoding to copy filtered resources.
2024-03-13 15:37:16,631 [Worker-60: Building] INFO  o.e.m.c.i.embedder.EclipseLogger - skip non existing resourceDirectory E:\jdbc prg\hirbranate 1\Hb4\src\main\resources
2024-03-13 15:37:16,633 [Worker-60: Building] INFO  o.e.m.c.i.embedder.EclipseLogger - Using 'UTF-8' encoding to copy filtered resources.
2024-03-13 15:37:16,633 [Worker-60: Building] INFO  o.e.m.c.i.embedder.EclipseLogger - skip non existing resourceDirectory E:\jdbc prg\hirbranate 1\Hb4\src\test\resources
2024-03-13 15:38:47,058 [Worker-72: Building] INFO  o.e.m.c.i.embedder.EclipseLogger - Using 'UTF-8' encoding to copy filtered resources.
2024-03-13 15:38:47,058 [Worker-72: Building] INFO  o.e.m.c.i.embedder.EclipseLogger - skip non existing resourceDirectory E:\jdbc prg\hirbranate 1\Hb4\src\main\resources
2024-03-13 15:38:47,061 [Worker-72: Building] INFO  o.e.m.c.i.embedder.EclipseLogger - Using 'UTF-8' encoding to copy filtered resources.
2024-03-13 15:38:47,061 [Worker-72: Building] INFO  o.e.m.c.i.embedder.EclipseLogger - skip non existing resourceDirectory E:\jdbc prg\hirbranate 1\Hb4\src\test\resources
2024-03-13 15:39:10,011 [Worker-73: Building] INFO  o.e.m.c.i.embedder.EclipseLogger - Using 'UTF-8' encoding to copy filtered resources.
2024-03-13 15:39:10,012 [Worker-73: Building] INFO  o.e.m.c.i.embedder.EclipseLogger - skip non existing resourceDirectory E:\jdbc prg\hirbranate 1\Hb4\src\main\resources
2024-03-13 15:39:10,014 [Worker-73: Building] INFO  o.e.m.c.i.embedder.EclipseLogger - Using 'UTF-8' encoding to copy filtered resources.
2024-03-13 15:39:10,014 [Worker-73: Building] INFO  o.e.m.c.i.embedder.EclipseLogger - skip non existing resourceDirectory E:\jdbc prg\hirbranate 1\Hb4\src\test\resources
2024-03-13 15:39:32,220 [Worker-72: Building] INFO  o.e.m.c.i.embedder.EclipseLogger - Using 'UTF-8' encoding to copy filtered resources.
2024-03-13 15:39:32,221 [Worker-72: Building] INFO  o.e.m.c.i.embedder.EclipseLogger - skip non existing resourceDirectory E:\jdbc prg\hirbranate 1\Hb4\src\main\resources
2024-03-13 15:39:32,223 [Worker-72: Building] INFO  o.e.m.c.i.embedder.EclipseLogger - Using 'UTF-8' encoding to copy filtered resources.
2024-03-13 15:39:32,223 [Worker-72: Building] INFO  o.e.m.c.i.embedder.EclipseLogger - skip non existing resourceDirectory E:\jdbc prg\hirbranate 1\Hb4\src\test\resources
2024-03-13 15:54:23,791 [Worker-76: Building] INFO  o.e.m.c.i.embedder.EclipseLogger - Using 'UTF-8' encoding to copy filtered resources.
2024-03-13 15:54:23,792 [Worker-76: Building] INFO  o.e.m.c.i.embedder.EclipseLogger - skip non existing resourceDirectory E:\jdbc prg\hirbranate 1\Hb4\src\main\resources
2024-03-13 15:54:23,793 [Worker-76: Building] INFO  o.e.m.c.i.embedder.EclipseLogger - Using 'UTF-8' encoding to copy filtered resources.
2024-03-13 15:54:23,793 [Worker-76: Building] INFO  o.e.m.c.i.embedder.EclipseLogger - skip non existing resourceDirectory E:\jdbc prg\hirbranate 1\Hb4\src\test\resources
2024-03-13 15:56:04,137 [Worker-76: Building] INFO  o.e.m.c.i.embedder.EclipseLogger - Using 'UTF-8' encoding to copy filtered resources.
2024-03-13 15:56:04,137 [Worker-76: Building] INFO  o.e.m.c.i.embedder.EclipseLogger - skip non existing resourceDirectory E:\jdbc prg\hirbranate 1\Hb4\src\main\resources
2024-03-13 15:56:04,140 [Worker-76: Building] INFO  o.e.m.c.i.embedder.EclipseLogger - Using 'UTF-8' encoding to copy filtered resources.
2024-03-13 15:56:04,140 [Worker-76: Building] INFO  o.e.m.c.i.embedder.EclipseLogger - skip non existing resourceDirectory E:\jdbc prg\hirbranate 1\Hb4\src\test\resources
2024-03-13 16:00:29,577 [Worker-76: Building] INFO  o.e.m.c.i.embedder.EclipseLogger - Using 'UTF-8' encoding to copy filtered resources.
2024-03-13 16:00:29,577 [Worker-76: Building] INFO  o.e.m.c.i.embedder.EclipseLogger - skip non existing resourceDirectory E:\jdbc prg\hirbranate 1\Hb4\src\main\resources
2024-03-13 16:00:29,581 [Worker-76: Building] INFO  o.e.m.c.i.embedder.EclipseLogger - Using 'UTF-8' encoding to copy filtered resources.
2024-03-13 16:00:29,582 [Worker-76: Building] INFO  o.e.m.c.i.embedder.EclipseLogger - skip non existing resourceDirectory E:\jdbc prg\hirbranate 1\Hb4\src\test\resources
2024-03-13 16:01:21,917 [Worker-78: Building] INFO  o.e.m.c.i.embedder.EclipseLogger - Using 'UTF-8' encoding to copy filtered resources.
2024-03-13 16:01:21,917 [Worker-78: Building] INFO  o.e.m.c.i.embedder.EclipseLogger - skip non existing resourceDirectory E:\jdbc prg\hirbranate 1\Hb4\src\main\resources
2024-03-13 16:01:21,919 [Worker-78: Building] INFO  o.e.m.c.i.embedder.EclipseLogger - Using 'UTF-8' encoding to copy filtered resources.
2024-03-13 16:01:21,920 [Worker-78: Building] INFO  o.e.m.c.i.embedder.EclipseLogger - skip non existing resourceDirectory E:\jdbc prg\hirbranate 1\Hb4\src\test\resources
2024-03-13 16:03:17,096 [Worker-80: Building] INFO  o.e.m.c.i.embedder.EclipseLogger - Using 'UTF-8' encoding to copy filtered resources.
2024-03-13 16:03:17,096 [Worker-80: Building] INFO  o.e.m.c.i.embedder.EclipseLogger - skip non existing resourceDirectory E:\jdbc prg\hirbranate 1\Hb4\src\main\resources
2024-03-13 16:03:17,099 [Worker-80: Building] INFO  o.e.m.c.i.embedder.EclipseLogger - Using 'UTF-8' encoding to copy filtered resources.
2024-03-13 16:03:17,099 [Worker-80: Building] INFO  o.e.m.c.i.embedder.EclipseLogger - skip non existing resourceDirectory E:\jdbc prg\hirbranate 1\Hb4\src\test\resources
2024-03-13 16:03:52,788 [Worker-80: Building] INFO  o.e.m.c.i.embedder.EclipseLogger - Using 'UTF-8' encoding to copy filtered resources.
2024-03-13 16:03:52,788 [Worker-80: Building] INFO  o.e.m.c.i.embedder.EclipseLogger - skip non existing resourceDirectory E:\jdbc prg\hirbranate 1\Hb4\src\main\resources
2024-03-13 16:03:52,788 [Worker-80: Building] INFO  o.e.m.c.i.embedder.EclipseLogger - Using 'UTF-8' encoding to copy filtered resources.
2024-03-13 16:03:52,789 [Worker-80: Building] INFO  o.e.m.c.i.embedder.EclipseLogger - skip non existing resourceDirectory E:\jdbc prg\hirbranate 1\Hb4\src\test\resources
2024-03-13 16:07:01,329 [Worker-80: Building] INFO  o.e.m.c.i.embedder.EclipseLogger - Using 'UTF-8' encoding to copy filtered resources.
2024-03-13 16:07:01,329 [Worker-80: Building] INFO  o.e.m.c.i.embedder.EclipseLogger - skip non existing resourceDirectory E:\jdbc prg\hirbranate 1\Hb4\src\main\resources
2024-03-13 16:07:01,331 [Worker-80: Building] INFO  o.e.m.c.i.embedder.EclipseLogger - Using 'UTF-8' encoding to copy filtered resources.
2024-03-13 16:07:01,331 [Worker-80: Building] INFO  o.e.m.c.i.embedder.EclipseLogger - skip non existing resourceDirectory E:\jdbc prg\hirbranate 1\Hb4\src\test\resources
2024-03-13 16:07:11,074 [Worker-78: Building] INFO  o.e.m.c.i.embedder.EclipseLogger - Using 'UTF-8' encoding to copy filtered resources.
2024-03-13 16:07:11,074 [Worker-78: Building] INFO  o.e.m.c.i.embedder.EclipseLogger - skip non existing resourceDirectory E:\jdbc prg\hirbranate 1\Hb4\src\main\resources
2024-03-13 16:07:11,076 [Worker-78: Building] INFO  o.e.m.c.i.embedder.EclipseLogger - Using 'UTF-8' encoding to copy filtered resources.
2024-03-13 16:07:11,076 [Worker-78: Building] INFO  o.e.m.c.i.embedder.EclipseLogger - skip non existing resourceDirectory E:\jdbc prg\hirbranate 1\Hb4\src\test\resources
2024-03-13 16:08:18,264 [Worker-78: Building] INFO  o.e.m.c.i.embedder.EclipseLogger - Using 'UTF-8' encoding to copy filtered resources.
2024-03-13 16:08:18,264 [Worker-78: Building] INFO  o.e.m.c.i.embedder.EclipseLogger - skip non existing resourceDirectory E:\jdbc prg\hirbranate 1\Hb4\src\main\resources
2024-03-13 16:08:18,266 [Worker-78: Building] INFO  o.e.m.c.i.embedder.EclipseLogger - Using 'UTF-8' encoding to copy filtered resources.
2024-03-13 16:08:18,267 [Worker-78: Building] INFO  o.e.m.c.i.embedder.EclipseLogger - skip non existing resourceDirectory E:\jdbc prg\hirbranate 1\Hb4\src\test\resources
2024-03-13 16:10:53,453 [Worker-82: Building] INFO  o.e.m.c.i.embedder.EclipseLogger - Using 'UTF-8' encoding to copy filtered resources.
2024-03-13 16:10:53,453 [Worker-82: Building] INFO  o.e.m.c.i.embedder.EclipseLogger - skip non existing resourceDirectory E:\jdbc prg\hirbranate 1\Hb4\src\main\resources
2024-03-13 16:10:53,455 [Worker-82: Building] INFO  o.e.m.c.i.embedder.EclipseLogger - Using 'UTF-8' encoding to copy filtered resources.
2024-03-13 16:10:53,455 [Worker-82: Building] INFO  o.e.m.c.i.embedder.EclipseLogger - skip non existing resourceDirectory E:\jdbc prg\hirbranate 1\Hb4\src\test\resources
2024-03-13 16:13:16,486 [Worker-84: Building] INFO  o.e.m.c.i.embedder.EclipseLogger - Using 'UTF-8' encoding to copy filtered resources.
2024-03-13 16:13:16,486 [Worker-84: Building] INFO  o.e.m.c.i.embedder.EclipseLogger - skip non existing resourceDirectory E:\jdbc prg\hirbranate 1\Hb4\src\main\resources
2024-03-13 16:13:16,488 [Worker-84: Building] INFO  o.e.m.c.i.embedder.EclipseLogger - Using 'UTF-8' encoding to copy filtered resources.
2024-03-13 16:13:16,488 [Worker-84: Building] INFO  o.e.m.c.i.embedder.EclipseLogger - skip non existing resourceDirectory E:\jdbc prg\hirbranate 1\Hb4\src\test\resources
2024-03-13 16:14:21,390 [Worker-83: Building] INFO  o.e.m.c.i.embedder.EclipseLogger - Using 'UTF-8' encoding to copy filtered resources.
2024-03-13 16:14:21,390 [Worker-83: Building] INFO  o.e.m.c.i.embedder.EclipseLogger - skip non existing resourceDirectory E:\jdbc prg\hirbranate 1\Hb4\src\main\resources
2024-03-13 16:14:21,393 [Worker-83: Building] INFO  o.e.m.c.i.embedder.EclipseLogger - Using 'UTF-8' encoding to copy filtered resources.
2024-03-13 16:14:21,393 [Worker-83: Building] INFO  o.e.m.c.i.embedder.EclipseLogger - skip non existing resourceDirectory E:\jdbc prg\hirbranate 1\Hb4\src\test\resources
2024-03-13 16:14:28,318 [Worker-84: Building] INFO  o.e.m.c.i.embedder.EclipseLogger - Using 'UTF-8' encoding to copy filtered resources.
2024-03-13 16:14:28,318 [Worker-84: Building] INFO  o.e.m.c.i.embedder.EclipseLogger - skip non existing resourceDirectory E:\jdbc prg\hirbranate 1\Hb4\src\main\resources
2024-03-13 16:14:28,321 [Worker-84: Building] INFO  o.e.m.c.i.embedder.EclipseLogger - Using 'UTF-8' encoding to copy filtered resources.
2024-03-13 16:14:28,321 [Worker-84: Building] INFO  o.e.m.c.i.embedder.EclipseLogger - skip non existing resourceDirectory E:\jdbc prg\hirbranate 1\Hb4\src\test\resources
2024-03-13 16:14:59,854 [Worker-86: Building] INFO  o.e.m.c.i.embedder.EclipseLogger - Using 'UTF-8' encoding to copy filtered resources.
2024-03-13 16:14:59,854 [Worker-86: Building] INFO  o.e.m.c.i.embedder.EclipseLogger - skip non existing resourceDirectory E:\jdbc prg\hirbranate 1\Hb4\src\main\resources
2024-03-13 16:14:59,856 [Worker-86: Building] INFO  o.e.m.c.i.embedder.EclipseLogger - Using 'UTF-8' encoding to copy filtered resources.
2024-03-13 16:14:59,857 [Worker-86: Building] INFO  o.e.m.c.i.embedder.EclipseLogger - skip non existing resourceDirectory E:\jdbc prg\hirbranate 1\Hb4\src\test\resources
2024-03-13 16:15:19,740 [Worker-84: Building] INFO  o.e.m.c.i.embedder.EclipseLogger - Using 'UTF-8' encoding to copy filtered resources.
2024-03-13 16:15:19,746 [Worker-84: Building] INFO  o.e.m.c.i.embedder.EclipseLogger - skip non existing resourceDirectory E:\jdbc prg\hirbranate 1\Hb4\src\main\resources
2024-03-13 16:15:19,749 [Worker-84: Building] INFO  o.e.m.c.i.embedder.EclipseLogger - Using 'UTF-8' encoding to copy filtered resources.
2024-03-13 16:15:19,749 [Worker-84: Building] INFO  o.e.m.c.i.embedder.EclipseLogger - skip non existing resourceDirectory E:\jdbc prg\hirbranate 1\Hb4\src\test\resources
2024-03-13 16:15:57,626 [Worker-86: Building] INFO  o.e.m.c.i.embedder.EclipseLogger - Using 'UTF-8' encoding to copy filtered resources.
2024-03-13 16:15:57,626 [Worker-86: Building] INFO  o.e.m.c.i.embedder.EclipseLogger - skip non existing resourceDirectory E:\jdbc prg\hirbranate 1\Hb4\src\main\resources
2024-03-13 16:15:57,628 [Worker-86: Building] INFO  o.e.m.c.i.embedder.EclipseLogger - Using 'UTF-8' encoding to copy filtered resources.
2024-03-13 16:15:57,629 [Worker-86: Building] INFO  o.e.m.c.i.embedder.EclipseLogger - skip non existing resourceDirectory E:\jdbc prg\hirbranate 1\Hb4\src\test\resources
2024-03-13 16:17:23,501 [Worker-82: Building] INFO  o.e.m.c.i.embedder.EclipseLogger - Using 'UTF-8' encoding to copy filtered resources.
2024-03-13 16:17:23,501 [Worker-82: Building] INFO  o.e.m.c.i.embedder.EclipseLogger - skip non existing resourceDirectory E:\jdbc prg\hirbranate 1\Hb4\src\main\resources
2024-03-13 16:17:23,503 [Worker-82: Building] INFO  o.e.m.c.i.embedder.EclipseLogger - Using 'UTF-8' encoding to copy filtered resources.
2024-03-13 16:17:23,504 [Worker-82: Building] INFO  o.e.m.c.i.embedder.EclipseLogger - skip non existing resourceDirectory E:\jdbc prg\hirbranate 1\Hb4\src\test\resources
2024-03-13 16:17:53,002 [Worker-84: Building] INFO  o.e.m.c.i.embedder.EclipseLogger - Using 'UTF-8' encoding to copy filtered resources.
2024-03-13 16:17:53,002 [Worker-84: Building] INFO  o.e.m.c.i.embedder.EclipseLogger - skip non existing resourceDirectory E:\jdbc prg\hirbranate 1\Hb4\src\main\resources
2024-03-13 16:17:53,004 [Worker-84: Building] INFO  o.e.m.c.i.embedder.EclipseLogger - Using 'UTF-8' encoding to copy filtered resources.
2024-03-13 16:17:53,004 [Worker-84: Building] INFO  o.e.m.c.i.embedder.EclipseLogger - skip non existing resourceDirectory E:\jdbc prg\hirbranate 1\Hb4\src\test\resources
2024-03-13 16:18:24,960 [Worker-86: Building] INFO  o.e.m.c.i.embedder.EclipseLogger - Using 'UTF-8' encoding to copy filtered resources.
2024-03-13 16:18:24,960 [Worker-86: Building] INFO  o.e.m.c.i.embedder.EclipseLogger - skip non existing resourceDirectory E:\jdbc prg\hirbranate 1\Hb4\src\main\resources
2024-03-13 16:18:24,962 [Worker-86: Building] INFO  o.e.m.c.i.embedder.EclipseLogger - Using 'UTF-8' encoding to copy filtered resources.
2024-03-13 16:18:24,962 [Worker-86: Building] INFO  o.e.m.c.i.embedder.EclipseLogger - skip non existing resourceDirectory E:\jdbc prg\hirbranate 1\Hb4\src\test\resources
2024-03-13 16:20:52,424 [Worker-83: Building] INFO  o.e.m.c.i.embedder.EclipseLogger - Using 'UTF-8' encoding to copy filtered resources.
2024-03-13 16:20:52,424 [Worker-83: Building] INFO  o.e.m.c.i.embedder.EclipseLogger - skip non existing resourceDirectory E:\jdbc prg\hirbranate 1\Hb4\src\main\resources
2024-03-13 16:20:52,426 [Worker-83: Building] INFO  o.e.m.c.i.embedder.EclipseLogger - Using 'UTF-8' encoding to copy filtered resources.
2024-03-13 16:20:52,426 [Worker-83: Building] INFO  o.e.m.c.i.embedder.EclipseLogger - skip non existing resourceDirectory E:\jdbc prg\hirbranate 1\Hb4\src\test\resources
2024-03-13 16:21:57,611 [Worker-82: Building] INFO  o.e.m.c.i.embedder.EclipseLogger - Using 'UTF-8' encoding to copy filtered resources.
2024-03-13 16:21:57,612 [Worker-82: Building] INFO  o.e.m.c.i.embedder.EclipseLogger - skip non existing resourceDirectory E:\jdbc prg\hirbranate 1\Hb4\src\main\resources
2024-03-13 16:21:57,613 [Worker-82: Building] INFO  o.e.m.c.i.embedder.EclipseLogger - Using 'UTF-8' encoding to copy filtered resources.
2024-03-13 16:21:57,613 [Worker-82: Building] INFO  o.e.m.c.i.embedder.EclipseLogger - skip non existing resourceDirectory E:\jdbc prg\hirbranate 1\Hb4\src\test\resources
2024-03-13 16:25:32,845 [Worker-87: Building] INFO  o.e.m.c.i.embedder.EclipseLogger - Using 'UTF-8' encoding to copy filtered resources.
2024-03-13 16:25:32,846 [Worker-87: Building] INFO  o.e.m.c.i.embedder.EclipseLogger - skip non existing resourceDirectory E:\jdbc prg\hirbranate 1\Hb4\src\main\resources
2024-03-13 16:25:32,848 [Worker-87: Building] INFO  o.e.m.c.i.embedder.EclipseLogger - Using 'UTF-8' encoding to copy filtered resources.
2024-03-13 16:25:32,848 [Worker-87: Building] INFO  o.e.m.c.i.embedder.EclipseLogger - skip non existing resourceDirectory E:\jdbc prg\hirbranate 1\Hb4\src\test\resources
2024-03-13 16:25:53,836 [Worker-86: Building] INFO  o.e.m.c.i.embedder.EclipseLogger - Using 'UTF-8' encoding to copy filtered resources.
2024-03-13 16:25:53,836 [Worker-86: Building] INFO  o.e.m.c.i.embedder.EclipseLogger - skip non existing resourceDirectory E:\jdbc prg\hirbranate 1\Hb4\src\main\resources
2024-03-13 16:25:53,838 [Worker-86: Building] INFO  o.e.m.c.i.embedder.EclipseLogger - Using 'UTF-8' encoding to copy filtered resources.
2024-03-13 16:25:53,839 [Worker-86: Building] INFO  o.e.m.c.i.embedder.EclipseLogger - skip non existing resourceDirectory E:\jdbc prg\hirbranate 1\Hb4\src\test\resources
2024-03-13 16:27:05,530 [Worker-86: Building] INFO  o.e.m.c.i.embedder.EclipseLogger - Using 'UTF-8' encoding to copy filtered resources.
2024-03-13 16:27:05,530 [Worker-86: Building] INFO  o.e.m.c.i.embedder.EclipseLogger - skip non existing resourceDirectory E:\jdbc prg\hirbranate 1\Hb4\src\main\resources
2024-03-13 16:27:05,532 [Worker-86: Building] INFO  o.e.m.c.i.embedder.EclipseLogger - Using 'UTF-8' encoding to copy filtered resources.
2024-03-13 16:27:05,533 [Worker-86: Building] INFO  o.e.m.c.i.embedder.EclipseLogger - skip non existing resourceDirectory E:\jdbc prg\hirbranate 1\Hb4\src\test\resources
2024-03-13 16:28:47,172 [Worker-83: Building] INFO  o.e.m.c.i.embedder.EclipseLogger - Using 'UTF-8' encoding to copy filtered resources.
2024-03-13 16:28:47,172 [Worker-83: Building] INFO  o.e.m.c.i.embedder.EclipseLogger - skip non existing resourceDirectory E:\jdbc prg\hirbranate 1\Hb4\src\main\resources
2024-03-13 16:28:47,174 [Worker-83: Building] INFO  o.e.m.c.i.embedder.EclipseLogger - Using 'UTF-8' encoding to copy filtered resources.
2024-03-13 16:28:47,174 [Worker-83: Building] INFO  o.e.m.c.i.embedder.EclipseLogger - skip non existing resourceDirectory E:\jdbc prg\hirbranate 1\Hb4\src\test\resources
2024-03-13 16:32:16,934 [Worker-84: Building] INFO  o.e.m.c.i.embedder.EclipseLogger - Using 'UTF-8' encoding to copy filtered resources.
2024-03-13 16:32:16,934 [Worker-84: Building] INFO  o.e.m.c.i.embedder.EclipseLogger - skip non existing resourceDirectory E:\jdbc prg\hirbranate 1\Hb4\src\main\resources
2024-03-13 16:32:16,936 [Worker-84: Building] INFO  o.e.m.c.i.embedder.EclipseLogger - Using 'UTF-8' encoding to copy filtered resources.
2024-03-13 16:32:16,937 [Worker-84: Building] INFO  o.e.m.c.i.embedder.EclipseLogger - skip non existing resourceDirectory E:\jdbc prg\hirbranate 1\Hb4\src\test\resources
2024-03-13 16:33:15,704 [Worker-82: Building] INFO  o.e.m.c.i.embedder.EclipseLogger - Using 'UTF-8' encoding to copy filtered resources.
2024-03-13 16:33:15,705 [Worker-82: Building] INFO  o.e.m.c.i.embedder.EclipseLogger - skip non existing resourceDirectory E:\jdbc prg\hirbranate 1\Hb4\src\main\resources
2024-03-13 16:33:15,708 [Worker-82: Building] INFO  o.e.m.c.i.embedder.EclipseLogger - Using 'UTF-8' encoding to copy filtered resources.
2024-03-13 16:33:15,708 [Worker-82: Building] INFO  o.e.m.c.i.embedder.EclipseLogger - skip non existing resourceDirectory E:\jdbc prg\hirbranate 1\Hb4\src\test\resources
2024-03-13 16:34:27,897 [Worker-89: Building] INFO  o.e.m.c.i.embedder.EclipseLogger - Using 'UTF-8' encoding to copy filtered resources.
2024-03-13 16:34:27,897 [Worker-89: Building] INFO  o.e.m.c.i.embedder.EclipseLogger - skip non existing resourceDirectory E:\jdbc prg\hirbranate 1\Hb4\src\main\resources
2024-03-13 16:34:27,899 [Worker-89: Building] INFO  o.e.m.c.i.embedder.EclipseLogger - Using 'UTF-8' encoding to copy filtered resources.
2024-03-13 16:34:27,900 [Worker-89: Building] INFO  o.e.m.c.i.embedder.EclipseLogger - skip non existing resourceDirectory E:\jdbc prg\hirbranate 1\Hb4\src\test\resources
2024-03-13 16:40:49,482 [Worker-91: Building] INFO  o.e.m.c.i.embedder.EclipseLogger - Using 'UTF-8' encoding to copy filtered resources.
2024-03-13 16:40:49,482 [Worker-91: Building] INFO  o.e.m.c.i.embedder.EclipseLogger - skip non existing resourceDirectory E:\jdbc prg\hirbranate 1\Hb4\src\main\resources
2024-03-13 16:40:49,484 [Worker-91: Building] INFO  o.e.m.c.i.embedder.EclipseLogger - Using 'UTF-8' encoding to copy filtered resources.
2024-03-13 16:40:49,484 [Worker-91: Building] INFO  o.e.m.c.i.embedder.EclipseLogger - skip non existing resourceDirectory E:\jdbc prg\hirbranate 1\Hb4\src\test\resources
2024-03-13 16:41:37,416 [Worker-87: Building] INFO  o.e.m.c.i.embedder.EclipseLogger - Using 'UTF-8' encoding to copy filtered resources.
2024-03-13 16:41:37,416 [Worker-87: Building] INFO  o.e.m.c.i.embedder.EclipseLogger - skip non existing resourceDirectory E:\jdbc prg\hirbranate 1\Hb4\src\main\resources
2024-03-13 16:41:37,419 [Worker-87: Building] INFO  o.e.m.c.i.embedder.EclipseLogger - Using 'UTF-8' encoding to copy filtered resources.
2024-03-13 16:41:37,419 [Worker-87: Building] INFO  o.e.m.c.i.embedder.EclipseLogger - skip non existing resourceDirectory E:\jdbc prg\hirbranate 1\Hb4\src\test\resources
2024-03-13 16:43:04,628 [Worker-92: Building] INFO  o.e.m.c.i.embedder.EclipseLogger - Using 'UTF-8' encoding to copy filtered resources.
2024-03-13 16:43:04,628 [Worker-92: Building] INFO  o.e.m.c.i.embedder.EclipseLogger - skip non existing resourceDirectory E:\jdbc prg\hirbranate 1\Hb4\src\main\resources
2024-03-13 16:43:04,630 [Worker-92: Building] INFO  o.e.m.c.i.embedder.EclipseLogger - Using 'UTF-8' encoding to copy filtered resources.
2024-03-13 16:43:04,630 [Worker-92: Building] INFO  o.e.m.c.i.embedder.EclipseLogger - skip non existing resourceDirectory E:\jdbc prg\hirbranate 1\Hb4\src\test\resources
2024-03-13 16:44:09,138 [Worker-82: Building] INFO  o.e.m.c.i.embedder.EclipseLogger - Using 'UTF-8' encoding to copy filtered resources.
2024-03-13 16:44:09,138 [Worker-82: Building] INFO  o.e.m.c.i.embedder.EclipseLogger - skip non existing resourceDirectory E:\jdbc prg\hirbranate 1\Hb4\src\main\resources
2024-03-13 16:44:09,148 [Worker-82: Building] INFO  o.e.m.c.i.embedder.EclipseLogger - Using 'UTF-8' encoding to copy filtered resources.
2024-03-13 16:44:09,148 [Worker-82: Building] INFO  o.e.m.c.i.embedder.EclipseLogger - skip non existing resourceDirectory E:\jdbc prg\hirbranate 1\Hb4\src\test\resources
2024-03-13 16:44:49,305 [Worker-91: Building] INFO  o.e.m.c.i.embedder.EclipseLogger - Using 'UTF-8' encoding to copy filtered resources.
2024-03-13 16:44:49,305 [Worker-91: Building] INFO  o.e.m.c.i.embedder.EclipseLogger - skip non existing resourceDirectory E:\jdbc prg\hirbranate 1\Hb4\src\main\resources
2024-03-13 16:44:49,307 [Worker-91: Building] INFO  o.e.m.c.i.embedder.EclipseLogger - Using 'UTF-8' encoding to copy filtered resources.
2024-03-13 16:44:49,307 [Worker-91: Building] INFO  o.e.m.c.i.embedder.EclipseLogger - skip non existing resourceDirectory E:\jdbc prg\hirbranate 1\Hb4\src\test\resources
2024-03-13 16:45:16,733 [Worker-82: Building] INFO  o.e.m.c.i.embedder.EclipseLogger - Using 'UTF-8' encoding to copy filtered resources.
2024-03-13 16:45:16,733 [Worker-82: Building] INFO  o.e.m.c.i.embedder.EclipseLogger - skip non existing resourceDirectory E:\jdbc prg\hirbranate 1\Hb4\src\main\resources
2024-03-13 16:45:16,735 [Worker-82: Building] INFO  o.e.m.c.i.embedder.EclipseLogger - Using 'UTF-8' encoding to copy filtered resources.
2024-03-13 16:45:16,735 [Worker-82: Building] INFO  o.e.m.c.i.embedder.EclipseLogger - skip non existing resourceDirectory E:\jdbc prg\hirbranate 1\Hb4\src\test\resources
2024-03-13 16:45:32,096 [Worker-91: Building] INFO  o.e.m.c.i.embedder.EclipseLogger - Using 'UTF-8' encoding to copy filtered resources.
2024-03-13 16:45:32,096 [Worker-91: Building] INFO  o.e.m.c.i.embedder.EclipseLogger - skip non existing resourceDirectory E:\jdbc prg\hirbranate 1\Hb4\src\main\resources
2024-03-13 16:45:32,098 [Worker-91: Building] INFO  o.e.m.c.i.embedder.EclipseLogger - Using 'UTF-8' encoding to copy filtered resources.
2024-03-13 16:45:32,099 [Worker-91: Building] INFO  o.e.m.c.i.embedder.EclipseLogger - skip non existing resourceDirectory E:\jdbc prg\hirbranate 1\Hb4\src\test\resources
2024-03-13 16:45:53,413 [Worker-91: Building] INFO  o.e.m.c.i.embedder.EclipseLogger - Using 'UTF-8' encoding to copy filtered resources.
2024-03-13 16:45:53,414 [Worker-91: Building] INFO  o.e.m.c.i.embedder.EclipseLogger - skip non existing resourceDirectory E:\jdbc prg\hirbranate 1\Hb4\src\main\resources
2024-03-13 16:45:53,416 [Worker-91: Building] INFO  o.e.m.c.i.embedder.EclipseLogger - Using 'UTF-8' encoding to copy filtered resources.
2024-03-13 16:45:53,416 [Worker-91: Building] INFO  o.e.m.c.i.embedder.EclipseLogger - skip non existing resourceDirectory E:\jdbc prg\hirbranate 1\Hb4\src\test\resources
2024-03-13 16:46:38,142 [Worker-90: Building] INFO  o.e.m.c.i.embedder.EclipseLogger - Using 'UTF-8' encoding to copy filtered resources.
2024-03-13 16:46:38,142 [Worker-90: Building] INFO  o.e.m.c.i.embedder.EclipseLogger - skip non existing resourceDirectory E:\jdbc prg\hirbranate 1\Hb4\src\main\resources
2024-03-13 16:46:38,143 [Worker-90: Building] INFO  o.e.m.c.i.embedder.EclipseLogger - Using 'UTF-8' encoding to copy filtered resources.
2024-03-13 16:46:38,144 [Worker-90: Building] INFO  o.e.m.c.i.embedder.EclipseLogger - skip non existing resourceDirectory E:\jdbc prg\hirbranate 1\Hb4\src\test\resources
2024-03-13 16:46:53,124 [Worker-92: Building] INFO  o.e.m.c.i.embedder.EclipseLogger - Using 'UTF-8' encoding to copy filtered resources.
2024-03-13 16:46:53,124 [Worker-92: Building] INFO  o.e.m.c.i.embedder.EclipseLogger - skip non existing resourceDirectory E:\jdbc prg\hirbranate 1\Hb4\src\main\resources
2024-03-13 16:46:53,126 [Worker-92: Building] INFO  o.e.m.c.i.embedder.EclipseLogger - Using 'UTF-8' encoding to copy filtered resources.
2024-03-13 16:46:53,126 [Worker-92: Building] INFO  o.e.m.c.i.embedder.EclipseLogger - skip non existing resourceDirectory E:\jdbc prg\hirbranate 1\Hb4\src\test\resources
2024-03-13 16:47:03,427 [Worker-92: Building] INFO  o.e.m.c.i.embedder.EclipseLogger - Using 'UTF-8' encoding to copy filtered resources.
2024-03-13 16:47:03,428 [Worker-92: Building] INFO  o.e.m.c.i.embedder.EclipseLogger - skip non existing resourceDirectory E:\jdbc prg\hirbranate 1\Hb4\src\main\resources
2024-03-13 16:47:03,430 [Worker-92: Building] INFO  o.e.m.c.i.embedder.EclipseLogger - Using 'UTF-8' encoding to copy filtered resources.
2024-03-13 16:47:03,430 [Worker-92: Building] INFO  o.e.m.c.i.embedder.EclipseLogger - skip non existing resourceDirectory E:\jdbc prg\hirbranate 1\Hb4\src\test\resources
2024-03-13 16:47:24,498 [Worker-92: Building] INFO  o.e.m.c.i.embedder.EclipseLogger - Using 'UTF-8' encoding to copy filtered resources.
2024-03-13 16:47:24,498 [Worker-92: Building] INFO  o.e.m.c.i.embedder.EclipseLogger - skip non existing resourceDirectory E:\jdbc prg\hirbranate 1\Hb4\src\main\resources
2024-03-13 16:47:24,500 [Worker-92: Building] INFO  o.e.m.c.i.embedder.EclipseLogger - Using 'UTF-8' encoding to copy filtered resources.
2024-03-13 16:47:24,500 [Worker-92: Building] INFO  o.e.m.c.i.embedder.EclipseLogger - skip non existing resourceDirectory E:\jdbc prg\hirbranate 1\Hb4\src\test\resources
2024-03-13 16:51:45,705 [Worker-92: Building] INFO  o.e.m.c.i.embedder.EclipseLogger - Using 'UTF-8' encoding to copy filtered resources.
2024-03-13 16:51:45,705 [Worker-92: Building] INFO  o.e.m.c.i.embedder.EclipseLogger - skip non existing resourceDirectory E:\jdbc prg\hirbranate 1\Hb4\src\main\resources
2024-03-13 16:51:45,708 [Worker-92: Building] INFO  o.e.m.c.i.embedder.EclipseLogger - Using 'UTF-8' encoding to copy filtered resources.
2024-03-13 16:51:45,709 [Worker-92: Building] INFO  o.e.m.c.i.embedder.EclipseLogger - skip non existing resourceDirectory E:\jdbc prg\hirbranate 1\Hb4\src\test\resources
2024-03-13 16:52:42,941 [Worker-93: Building] INFO  o.e.m.c.i.embedder.EclipseLogger - Using 'UTF-8' encoding to copy filtered resources.
2024-03-13 16:52:42,942 [Worker-93: Building] INFO  o.e.m.c.i.embedder.EclipseLogger - skip non existing resourceDirectory E:\jdbc prg\hirbranate 1\Hb4\src\main\resources
2024-03-13 16:52:42,943 [Worker-93: Building] INFO  o.e.m.c.i.embedder.EclipseLogger - Using 'UTF-8' encoding to copy filtered resources.
2024-03-13 16:52:42,943 [Worker-93: Building] INFO  o.e.m.c.i.embedder.EclipseLogger - skip non existing resourceDirectory E:\jdbc prg\hirbranate 1\Hb4\src\test\resources
2024-03-13 16:54:27,270 [Worker-95: Building] INFO  o.e.m.c.i.embedder.EclipseLogger - Using 'UTF-8' encoding to copy filtered resources.
2024-03-13 16:54:27,270 [Worker-95: Building] INFO  o.e.m.c.i.embedder.EclipseLogger - skip non existing resourceDirectory E:\jdbc prg\hirbranate 1\Hb4\src\main\resources
2024-03-13 16:54:27,273 [Worker-95: Building] INFO  o.e.m.c.i.embedder.EclipseLogger - Using 'UTF-8' encoding to copy filtered resources.
2024-03-13 16:54:27,273 [Worker-95: Building] INFO  o.e.m.c.i.embedder.EclipseLogger - skip non existing resourceDirectory E:\jdbc prg\hirbranate 1\Hb4\src\test\resources
2024-03-13 16:54:32,718 [Worker-94: Building] INFO  o.e.m.c.i.embedder.EclipseLogger - Using 'UTF-8' encoding to copy filtered resources.
2024-03-13 16:54:32,718 [Worker-94: Building] INFO  o.e.m.c.i.embedder.EclipseLogger - skip non existing resourceDirectory E:\jdbc prg\hirbranate 1\Hb4\src\main\resources
2024-03-13 16:54:32,719 [Worker-94: Building] INFO  o.e.m.c.i.embedder.EclipseLogger - Using 'UTF-8' encoding to copy filtered resources.
2024-03-13 16:54:32,719 [Worker-94: Building] INFO  o.e.m.c.i.embedder.EclipseLogger - skip non existing resourceDirectory E:\jdbc prg\hirbranate 1\Hb4\src\test\resources
2024-03-13 17:03:03,438 [Worker-95: Building] INFO  o.e.m.c.i.embedder.EclipseLogger - Using 'UTF-8' encoding to copy filtered resources.
2024-03-13 17:03:03,439 [Worker-95: Building] INFO  o.e.m.c.i.embedder.EclipseLogger - skip non existing resourceDirectory E:\jdbc prg\hirbranate 1\Hb4\src\main\resources
2024-03-13 17:03:03,440 [Worker-95: Building] INFO  o.e.m.c.i.embedder.EclipseLogger - Using 'UTF-8' encoding to copy filtered resources.
2024-03-13 17:03:03,440 [Worker-95: Building] INFO  o.e.m.c.i.embedder.EclipseLogger - skip non existing resourceDirectory E:\jdbc prg\hirbranate 1\Hb4\src\test\resources
2024-03-13 17:09:02,952 [Worker-97: Building] INFO  o.e.m.c.i.embedder.EclipseLogger - Using 'UTF-8' encoding to copy filtered resources.
2024-03-13 17:09:02,952 [Worker-97: Building] INFO  o.e.m.c.i.embedder.EclipseLogger - skip non existing resourceDirectory E:\jdbc prg\hirbranate 1\Hb4\src\main\resources
2024-03-13 17:09:02,954 [Worker-97: Building] INFO  o.e.m.c.i.embedder.EclipseLogger - Using 'UTF-8' encoding to copy filtered resources.
2024-03-13 17:09:02,954 [Worker-97: Building] INFO  o.e.m.c.i.embedder.EclipseLogger - skip non existing resourceDirectory E:\jdbc prg\hirbranate 1\Hb4\src\test\resources
2024-03-13 17:12:33,630 [Worker-101: Building] INFO  o.e.m.c.i.embedder.EclipseLogger - Using 'UTF-8' encoding to copy filtered resources.
2024-03-13 17:12:33,630 [Worker-101: Building] INFO  o.e.m.c.i.embedder.EclipseLogger - skip non existing resourceDirectory E:\jdbc prg\hirbranate 1\Hb4\src\main\resources
2024-03-13 17:12:33,632 [Worker-101: Building] INFO  o.e.m.c.i.embedder.EclipseLogger - Using 'UTF-8' encoding to copy filtered resources.
2024-03-13 17:12:33,633 [Worker-101: Building] INFO  o.e.m.c.i.embedder.EclipseLogger - skip non existing resourceDirectory E:\jdbc prg\hirbranate 1\Hb4\src\test\resources
2024-03-13 17:15:26,431 [Worker-101: Building] INFO  o.e.m.c.i.embedder.EclipseLogger - Using 'UTF-8' encoding to copy filtered resources.
2024-03-13 17:15:26,431 [Worker-101: Building] INFO  o.e.m.c.i.embedder.EclipseLogger - skip non existing resourceDirectory E:\jdbc prg\hirbranate 1\Hb4\src\main\resources
2024-03-13 17:15:26,434 [Worker-101: Building] INFO  o.e.m.c.i.embedder.EclipseLogger - Using 'UTF-8' encoding to copy filtered resources.
2024-03-13 17:15:26,434 [Worker-101: Building] INFO  o.e.m.c.i.embedder.EclipseLogger - skip non existing resourceDirectory E:\jdbc prg\hirbranate 1\Hb4\src\test\resources
2024-03-13 17:22:50,072 [Worker-106: Building] INFO  o.e.m.c.i.embedder.EclipseLogger - Using 'UTF-8' encoding to copy filtered resources.
2024-03-13 17:22:50,072 [Worker-106: Building] INFO  o.e.m.c.i.embedder.EclipseLogger - skip non existing resourceDirectory E:\jdbc prg\hirbranate 1\Hb4\src\main\resources
2024-03-13 17:22:50,074 [Worker-106: Building] INFO  o.e.m.c.i.embedder.EclipseLogger - Using 'UTF-8' encoding to copy filtered resources.
2024-03-13 17:22:50,074 [Worker-106: Building] INFO  o.e.m.c.i.embedder.EclipseLogger - skip non existing resourceDirectory E:\jdbc prg\hirbranate 1\Hb4\src\test\resources
2024-03-13 17:23:52,217 [Worker-106: Updating Maven Project] INFO  o.e.m.c.i.p.ProjectConfigurationManager - Update started
2024-03-13 17:23:52,830 [Worker-106: Updating Maven Project] INFO  o.e.m.c.i.l.LifecycleMappingFactory - Using org.eclipse.m2e.jdt.JarLifecycleMapping lifecycle mapping for MavenProject: Hb4:Hb4:0.0.1-SNAPSHOT @ E:\jdbc prg\hirbranate 1\Hb4\pom.xml.
2024-03-13 17:23:53,094 [Worker-106: Updating Maven Project] INFO  o.e.m.c.i.l.LifecycleMappingFactory - Using org.eclipse.m2e.jdt.JarLifecycleMapping lifecycle mapping for MavenProject: Hb3:Hb3:0.0.1-SNAPSHOT @ E:\jdbc prg\hirbranate 1\Hb3\pom.xml.
2024-03-13 17:23:53,535 [Worker-106: Updating Maven Project] INFO  o.e.m.j.i.AbstractJavaProjectConfigurator - Adding source folder /Hb4/src/main/java
2024-03-13 17:23:53,536 [Worker-106: Updating Maven Project] INFO  o.e.m.j.i.AbstractJavaProjectConfigurator - Adding resource folder /Hb4/src/main/resources
2024-03-13 17:23:53,536 [Worker-106: Updating Maven Project] INFO  o.e.m.j.i.AbstractJavaProjectConfigurator - Adding source folder /Hb4/src/test/java
2024-03-13 17:23:53,536 [Worker-106: Updating Maven Project] INFO  o.e.m.j.i.AbstractJavaProjectConfigurator - Adding resource folder /Hb4/src/test/resources
2024-03-13 17:23:53,844 [Worker-106: Updating Maven Project] INFO  o.e.m.c.i.p.ProjectConfigurationManager - Update completed for 1 poms: local refresh takes 0.00 sec, refresh facades takes 1.00 sec, update config takes 0.00 sec 
2024-03-13 17:23:54,118 [Worker-106: Building] INFO  o.e.m.c.i.embedder.EclipseLogger - Using 'UTF-8' encoding to copy filtered resources.
2024-03-13 17:23:54,118 [Worker-106: Building] INFO  o.e.m.c.i.embedder.EclipseLogger - skip non existing resourceDirectory E:\jdbc prg\hirbranate 1\Hb4\src\main\resources
2024-03-13 17:23:54,121 [Worker-106: Building] INFO  o.e.m.c.i.embedder.EclipseLogger - Using 'UTF-8' encoding to copy filtered resources.
2024-03-13 17:23:54,121 [Worker-106: Building] INFO  o.e.m.c.i.embedder.EclipseLogger - skip non existing resourceDirectory E:\jdbc prg\hirbranate 1\Hb4\src\test\resources
2024-03-13 17:25:24,973 [Worker-102: Building] INFO  o.e.m.c.i.embedder.EclipseLogger - Using 'UTF-8' encoding to copy filtered resources.
2024-03-13 17:25:24,973 [Worker-102: Building] INFO  o.e.m.c.i.embedder.EclipseLogger - skip non existing resourceDirectory E:\jdbc prg\hirbranate 1\Hb4\src\main\resources
2024-03-13 17:25:24,974 [Worker-102: Building] INFO  o.e.m.c.i.embedder.EclipseLogger - Using 'UTF-8' encoding to copy filtered resources.
2024-03-13 17:25:24,974 [Worker-102: Building] INFO  o.e.m.c.i.embedder.EclipseLogger - skip non existing resourceDirectory E:\jdbc prg\hirbranate 1\Hb4\src\test\resources
2024-03-13 17:26:25,641 [Worker-105: Building] INFO  o.e.m.c.i.embedder.EclipseLogger - Using 'UTF-8' encoding to copy filtered resources.
2024-03-13 17:26:25,641 [Worker-105: Building] INFO  o.e.m.c.i.embedder.EclipseLogger - skip non existing resourceDirectory E:\jdbc prg\hirbranate 1\Hb4\src\main\resources
2024-03-13 17:26:25,643 [Worker-105: Building] INFO  o.e.m.c.i.embedder.EclipseLogger - Using 'UTF-8' encoding to copy filtered resources.
2024-03-13 17:26:25,643 [Worker-105: Building] INFO  o.e.m.c.i.embedder.EclipseLogger - skip non existing resourceDirectory E:\jdbc prg\hirbranate 1\Hb4\src\test\resources
2024-03-13 17:29:33,775 [Worker-102: Building] INFO  o.e.m.c.i.embedder.EclipseLogger - Using 'UTF-8' encoding to copy filtered resources.
2024-03-13 17:29:33,775 [Worker-102: Building] INFO  o.e.m.c.i.embedder.EclipseLogger - skip non existing resourceDirectory E:\jdbc prg\hirbranate 1\Hb4\src\main\resources
2024-03-13 17:29:33,778 [Worker-102: Building] INFO  o.e.m.c.i.embedder.EclipseLogger - Using 'UTF-8' encoding to copy filtered resources.
2024-03-13 17:29:33,778 [Worker-102: Building] INFO  o.e.m.c.i.embedder.EclipseLogger - skip non existing resourceDirectory E:\jdbc prg\hirbranate 1\Hb4\src\test\resources
2024-03-13 17:31:35,168 [Worker-103: Building] INFO  o.e.m.c.i.embedder.EclipseLogger - Using 'UTF-8' encoding to copy filtered resources.
2024-03-13 17:31:35,169 [Worker-103: Building] INFO  o.e.m.c.i.embedder.EclipseLogger - skip non existing resourceDirectory E:\jdbc prg\hirbranate 1\Hb4\src\main\resources
2024-03-13 17:31:35,170 [Worker-103: Building] INFO  o.e.m.c.i.embedder.EclipseLogger - Using 'UTF-8' encoding to copy filtered resources.
2024-03-13 17:31:35,170 [Worker-103: Building] INFO  o.e.m.c.i.embedder.EclipseLogger - skip non existing resourceDirectory E:\jdbc prg\hirbranate 1\Hb4\src\test\resources
2024-03-13 17:38:16,706 [Worker-114: Building] INFO  o.e.m.c.i.embedder.EclipseLogger - Using 'UTF-8' encoding to copy filtered resources.
2024-03-13 17:38:16,706 [Worker-114: Building] INFO  o.e.m.c.i.embedder.EclipseLogger - skip non existing resourceDirectory E:\jdbc prg\hirbranate 1\Hb4\src\main\resources
2024-03-13 17:38:16,707 [Worker-114: Building] INFO  o.e.m.c.i.embedder.EclipseLogger - Using 'UTF-8' encoding to copy filtered resources.
2024-03-13 17:38:16,707 [Worker-114: Building] INFO  o.e.m.c.i.embedder.EclipseLogger - skip non existing resourceDirectory E:\jdbc prg\hirbranate 1\Hb4\src\test\resources
2024-03-13 17:39:17,433 [Worker-115: Building] INFO  o.e.m.c.i.embedder.EclipseLogger - Using 'UTF-8' encoding to copy filtered resources.
2024-03-13 17:39:17,433 [Worker-115: Building] INFO  o.e.m.c.i.embedder.EclipseLogger - skip non existing resourceDirectory E:\jdbc prg\hirbranate 1\Hb4\src\main\resources
2024-03-13 17:39:17,435 [Worker-115: Building] INFO  o.e.m.c.i.embedder.EclipseLogger - Using 'UTF-8' encoding to copy filtered resources.
2024-03-13 17:39:17,435 [Worker-115: Building] INFO  o.e.m.c.i.embedder.EclipseLogger - skip non existing resourceDirectory E:\jdbc prg\hirbranate 1\Hb4\src\test\resources
2024-03-13 17:39:40,809 [Worker-102: Building] INFO  o.e.m.c.i.embedder.EclipseLogger - Using 'UTF-8' encoding to copy filtered resources.
2024-03-13 17:39:40,809 [Worker-102: Building] INFO  o.e.m.c.i.embedder.EclipseLogger - skip non existing resourceDirectory E:\jdbc prg\hirbranate 1\Hb4\src\main\resources
2024-03-13 17:39:40,811 [Worker-102: Building] INFO  o.e.m.c.i.embedder.EclipseLogger - Using 'UTF-8' encoding to copy filtered resources.
2024-03-13 17:39:40,811 [Worker-102: Building] INFO  o.e.m.c.i.embedder.EclipseLogger - skip non existing resourceDirectory E:\jdbc prg\hirbranate 1\Hb4\src\test\resources
2024-03-13 17:42:29,612 [Worker-116: Building] INFO  o.e.m.c.i.embedder.EclipseLogger - Using 'UTF-8' encoding to copy filtered resources.
2024-03-13 17:42:29,612 [Worker-116: Building] INFO  o.e.m.c.i.embedder.EclipseLogger - skip non existing resourceDirectory E:\jdbc prg\hirbranate 1\Hb4\src\main\resources
2024-03-13 17:42:29,613 [Worker-116: Building] INFO  o.e.m.c.i.embedder.EclipseLogger - Using 'UTF-8' encoding to copy filtered resources.
2024-03-13 17:42:29,613 [Worker-116: Building] INFO  o.e.m.c.i.embedder.EclipseLogger - skip non existing resourceDirectory E:\jdbc prg\hirbranate 1\Hb4\src\test\resources
2024-03-13 17:43:19,567 [Worker-116: Building] INFO  o.e.m.c.i.embedder.EclipseLogger - Using 'UTF-8' encoding to copy filtered resources.
2024-03-13 17:43:19,567 [Worker-116: Building] INFO  o.e.m.c.i.embedder.EclipseLogger - skip non existing resourceDirectory E:\jdbc prg\hirbranate 1\Hb4\src\main\resources
2024-03-13 17:43:19,569 [Worker-116: Building] INFO  o.e.m.c.i.embedder.EclipseLogger - Using 'UTF-8' encoding to copy filtered resources.
2024-03-13 17:43:19,569 [Worker-116: Building] INFO  o.e.m.c.i.embedder.EclipseLogger - skip non existing resourceDirectory E:\jdbc prg\hirbranate 1\Hb4\src\test\resources
2024-03-13 17:43:41,067 [Worker-113: Building] INFO  o.e.m.c.i.embedder.EclipseLogger - Using 'UTF-8' encoding to copy filtered resources.
2024-03-13 17:43:41,067 [Worker-113: Building] INFO  o.e.m.c.i.embedder.EclipseLogger - skip non existing resourceDirectory E:\jdbc prg\hirbranate 1\Hb4\src\main\resources
2024-03-13 17:43:41,069 [Worker-113: Building] INFO  o.e.m.c.i.embedder.EclipseLogger - Using 'UTF-8' encoding to copy filtered resources.
2024-03-13 17:43:41,069 [Worker-113: Building] INFO  o.e.m.c.i.embedder.EclipseLogger - skip non existing resourceDirectory E:\jdbc prg\hirbranate 1\Hb4\src\test\resources
2024-03-13 18:03:30,462 [Worker-123: Building] INFO  o.e.m.c.i.embedder.EclipseLogger - Using 'UTF-8' encoding to copy filtered resources.
2024-03-13 18:03:30,462 [Worker-123: Building] INFO  o.e.m.c.i.embedder.EclipseLogger - skip non existing resourceDirectory E:\jdbc prg\hirbranate 1\Hb4\src\main\resources
2024-03-13 18:03:30,464 [Worker-123: Building] INFO  o.e.m.c.i.embedder.EclipseLogger - Using 'UTF-8' encoding to copy filtered resources.
2024-03-13 18:03:30,464 [Worker-123: Building] INFO  o.e.m.c.i.embedder.EclipseLogger - skip non existing resourceDirectory E:\jdbc prg\hirbranate 1\Hb4\src\test\resources
2024-03-13 18:04:06,335 [Worker-125: Building] INFO  o.e.m.c.i.embedder.EclipseLogger - Using 'UTF-8' encoding to copy filtered resources.
2024-03-13 18:04:06,336 [Worker-125: Building] INFO  o.e.m.c.i.embedder.EclipseLogger - skip non existing resourceDirectory E:\jdbc prg\hirbranate 1\Hb4\src\main\resources
2024-03-13 18:04:06,337 [Worker-125: Building] INFO  o.e.m.c.i.embedder.EclipseLogger - Using 'UTF-8' encoding to copy filtered resources.
2024-03-13 18:04:06,337 [Worker-125: Building] INFO  o.e.m.c.i.embedder.EclipseLogger - skip non existing resourceDirectory E:\jdbc prg\hirbranate 1\Hb4\src\test\resources
2024-03-13 18:06:12,049 [Worker-123: Building] INFO  o.e.m.c.i.embedder.EclipseLogger - Using 'UTF-8' encoding to copy filtered resources.
2024-03-13 18:06:12,049 [Worker-123: Building] INFO  o.e.m.c.i.embedder.EclipseLogger - skip non existing resourceDirectory E:\jdbc prg\hirbranate 1\Hb4\src\main\resources
2024-03-13 18:06:12,051 [Worker-123: Building] INFO  o.e.m.c.i.embedder.EclipseLogger - Using 'UTF-8' encoding to copy filtered resources.
2024-03-13 18:06:12,051 [Worker-123: Building] INFO  o.e.m.c.i.embedder.EclipseLogger - skip non existing resourceDirectory E:\jdbc prg\hirbranate 1\Hb4\src\test\resources
2024-03-13 18:16:29,027 [Worker-132: Building] INFO  o.e.m.c.i.embedder.EclipseLogger - Using 'UTF-8' encoding to copy filtered resources.
2024-03-13 18:16:29,027 [Worker-132: Building] INFO  o.e.m.c.i.embedder.EclipseLogger - skip non existing resourceDirectory E:\jdbc prg\hirbranate 1\Hb4\src\main\resources
2024-03-13 18:16:29,029 [Worker-132: Building] INFO  o.e.m.c.i.embedder.EclipseLogger - Using 'UTF-8' encoding to copy filtered resources.
2024-03-13 18:16:29,029 [Worker-132: Building] INFO  o.e.m.c.i.embedder.EclipseLogger - skip non existing resourceDirectory E:\jdbc prg\hirbranate 1\Hb4\src\test\resources
2024-03-13 18:16:48,423 [Worker-127: Building] INFO  o.e.m.c.i.embedder.EclipseLogger - Using 'UTF-8' encoding to copy filtered resources.
2024-03-13 18:16:48,423 [Worker-127: Building] INFO  o.e.m.c.i.embedder.EclipseLogger - skip non existing resourceDirectory E:\jdbc prg\hirbranate 1\Hb4\src\main\resources
2024-03-13 18:16:48,424 [Worker-127: Building] INFO  o.e.m.c.i.embedder.EclipseLogger - Using 'UTF-8' encoding to copy filtered resources.
2024-03-13 18:16:48,425 [Worker-127: Building] INFO  o.e.m.c.i.embedder.EclipseLogger - skip non existing resourceDirectory E:\jdbc prg\hirbranate 1\Hb4\src\test\resources
2024-03-13 18:17:06,049 [Worker-133: Building] INFO  o.e.m.c.i.embedder.EclipseLogger - Using 'UTF-8' encoding to copy filtered resources.
2024-03-13 18:17:06,049 [Worker-133: Building] INFO  o.e.m.c.i.embedder.EclipseLogger - skip non existing resourceDirectory E:\jdbc prg\hirbranate 1\Hb4\src\main\resources
2024-03-13 18:17:06,051 [Worker-133: Building] INFO  o.e.m.c.i.embedder.EclipseLogger - Using 'UTF-8' encoding to copy filtered resources.
2024-03-13 18:17:06,051 [Worker-133: Building] INFO  o.e.m.c.i.embedder.EclipseLogger - skip non existing resourceDirectory E:\jdbc prg\hirbranate 1\Hb4\src\test\resources
2024-03-13 18:17:42,778 [Worker-131: Building] INFO  o.e.m.c.i.embedder.EclipseLogger - Using 'UTF-8' encoding to copy filtered resources.
2024-03-13 18:17:42,778 [Worker-131: Building] INFO  o.e.m.c.i.embedder.EclipseLogger - skip non existing resourceDirectory E:\jdbc prg\hirbranate 1\Hb4\src\main\resources
2024-03-13 18:17:42,779 [Worker-131: Building] INFO  o.e.m.c.i.embedder.EclipseLogger - Using 'UTF-8' encoding to copy filtered resources.
2024-03-13 18:17:42,779 [Worker-131: Building] INFO  o.e.m.c.i.embedder.EclipseLogger - skip non existing resourceDirectory E:\jdbc prg\hirbranate 1\Hb4\src\test\resources
2024-03-13 18:46:22,825 [Worker-134: Launching MapDemo (1)] INFO  o.e.m.c.i.embedder.EclipseLogger - Using 'UTF-8' encoding to copy filtered resources.
2024-03-13 18:46:22,825 [Worker-134: Launching MapDemo (1)] INFO  o.e.m.c.i.embedder.EclipseLogger - skip non existing resourceDirectory E:\jdbc prg\hirbranate 1\Hb4\src\main\resources
2024-03-13 18:46:22,828 [Worker-134: Launching MapDemo (1)] INFO  o.e.m.c.i.embedder.EclipseLogger - Using 'UTF-8' encoding to copy filtered resources.
2024-03-13 18:46:22,828 [Worker-134: Launching MapDemo (1)] INFO  o.e.m.c.i.embedder.EclipseLogger - skip non existing resourceDirectory E:\jdbc prg\hirbranate 1\Hb4\src\test\resources
2024-03-13 18:47:47,221 [Worker-132: Building] INFO  o.e.m.c.i.embedder.EclipseLogger - Using 'UTF-8' encoding to copy filtered resources.
2024-03-13 18:47:47,221 [Worker-132: Building] INFO  o.e.m.c.i.embedder.EclipseLogger - skip non existing resourceDirectory E:\jdbc prg\hirbranate 1\Hb4\src\main\resources
2024-03-13 18:47:47,223 [Worker-132: Building] INFO  o.e.m.c.i.embedder.EclipseLogger - Using 'UTF-8' encoding to copy filtered resources.
2024-03-13 18:47:47,223 [Worker-132: Building] INFO  o.e.m.c.i.embedder.EclipseLogger - skip non existing resourceDirectory E:\jdbc prg\hirbranate 1\Hb4\src\test\resources
2024-03-13 18:48:14,519 [Worker-138: Building] INFO  o.e.m.c.i.embedder.EclipseLogger - Using 'UTF-8' encoding to copy filtered resources.
2024-03-13 18:48:14,519 [Worker-138: Building] INFO  o.e.m.c.i.embedder.EclipseLogger - skip non existing resourceDirectory E:\jdbc prg\hirbranate 1\Hb4\src\main\resources
2024-03-13 18:48:14,523 [Worker-138: Building] INFO  o.e.m.c.i.embedder.EclipseLogger - Using 'UTF-8' encoding to copy filtered resources.
2024-03-13 18:48:14,523 [Worker-138: Building] INFO  o.e.m.c.i.embedder.EclipseLogger - skip non existing resourceDirectory E:\jdbc prg\hirbranate 1\Hb4\src\test\resources
2024-03-13 18:48:40,669 [Worker-139: Building] INFO  o.e.m.c.i.embedder.EclipseLogger - Using 'UTF-8' encoding to copy filtered resources.
2024-03-13 18:48:40,670 [Worker-139: Building] INFO  o.e.m.c.i.embedder.EclipseLogger - skip non existing resourceDirectory E:\jdbc prg\hirbranate 1\Hb4\src\main\resources
2024-03-13 18:48:40,671 [Worker-139: Building] INFO  o.e.m.c.i.embedder.EclipseLogger - Using 'UTF-8' encoding to copy filtered resources.
2024-03-13 18:48:40,671 [Worker-139: Building] INFO  o.e.m.c.i.embedder.EclipseLogger - skip non existing resourceDirectory E:\jdbc prg\hirbranate 1\Hb4\src\test\resources
2024-03-13 18:49:59,762 [Worker-139: Building] INFO  o.e.m.c.i.embedder.EclipseLogger - Using 'UTF-8' encoding to copy filtered resources.
2024-03-13 18:49:59,762 [Worker-139: Building] INFO  o.e.m.c.i.embedder.EclipseLogger - skip non existing resourceDirectory E:\jdbc prg\hirbranate 1\Hb4\src\main\resources
2024-03-13 18:49:59,764 [Worker-139: Building] INFO  o.e.m.c.i.embedder.EclipseLogger - Using 'UTF-8' encoding to copy filtered resources.
2024-03-13 18:49:59,765 [Worker-139: Building] INFO  o.e.m.c.i.embedder.EclipseLogger - skip non existing resourceDirectory E:\jdbc prg\hirbranate 1\Hb4\src\test\resources
2024-03-13 18:52:07,232 [Worker-132: Building] INFO  o.e.m.c.i.embedder.EclipseLogger - Using 'UTF-8' encoding to copy filtered resources.
2024-03-13 18:52:07,232 [Worker-132: Building] INFO  o.e.m.c.i.embedder.EclipseLogger - skip non existing resourceDirectory E:\jdbc prg\hirbranate 1\Hb4\src\main\resources
2024-03-13 18:52:07,234 [Worker-132: Building] INFO  o.e.m.c.i.embedder.EclipseLogger - Using 'UTF-8' encoding to copy filtered resources.
2024-03-13 18:52:07,234 [Worker-132: Building] INFO  o.e.m.c.i.embedder.EclipseLogger - skip non existing resourceDirectory E:\jdbc prg\hirbranate 1\Hb4\src\test\resources
2024-03-13 18:52:14,587 [Worker-132: Building] INFO  o.e.m.c.i.embedder.EclipseLogger - Using 'UTF-8' encoding to copy filtered resources.
2024-03-13 18:52:14,587 [Worker-132: Building] INFO  o.e.m.c.i.embedder.EclipseLogger - skip non existing resourceDirectory E:\jdbc prg\hirbranate 1\Hb4\src\main\resources
2024-03-13 18:52:14,588 [Worker-132: Building] INFO  o.e.m.c.i.embedder.EclipseLogger - Using 'UTF-8' encoding to copy filtered resources.
2024-03-13 18:52:14,588 [Worker-132: Building] INFO  o.e.m.c.i.embedder.EclipseLogger - skip non existing resourceDirectory E:\jdbc prg\hirbranate 1\Hb4\src\test\resources
2024-03-13 18:54:07,121 [Worker-137: Building] INFO  o.e.m.c.i.embedder.EclipseLogger - Using 'UTF-8' encoding to copy filtered resources.
2024-03-13 18:54:07,121 [Worker-137: Building] INFO  o.e.m.c.i.embedder.EclipseLogger - skip non existing resourceDirectory E:\jdbc prg\hirbranate 1\Hb4\src\main\resources
2024-03-13 18:54:07,122 [Worker-137: Building] INFO  o.e.m.c.i.embedder.EclipseLogger - Using 'UTF-8' encoding to copy filtered resources.
2024-03-13 18:54:07,122 [Worker-137: Building] INFO  o.e.m.c.i.embedder.EclipseLogger - skip non existing resourceDirectory E:\jdbc prg\hirbranate 1\Hb4\src\test\resources
2024-03-13 18:56:07,479 [Worker-138: Building] INFO  o.e.m.c.i.embedder.EclipseLogger - Using 'UTF-8' encoding to copy filtered resources.
2024-03-13 18:56:07,479 [Worker-138: Building] INFO  o.e.m.c.i.embedder.EclipseLogger - skip non existing resourceDirectory E:\jdbc prg\hirbranate 1\Hb4\src\main\resources
2024-03-13 18:56:07,481 [Worker-138: Building] INFO  o.e.m.c.i.embedder.EclipseLogger - Using 'UTF-8' encoding to copy filtered resources.
2024-03-13 18:56:07,481 [Worker-138: Building] INFO  o.e.m.c.i.embedder.EclipseLogger - skip non existing resourceDirectory E:\jdbc prg\hirbranate 1\Hb4\src\test\resources
2024-03-13 19:02:42,367 [Worker-137: Building] INFO  o.e.m.c.i.embedder.EclipseLogger - Using 'UTF-8' encoding to copy filtered resources.
2024-03-13 19:02:42,367 [Worker-137: Building] INFO  o.e.m.c.i.embedder.EclipseLogger - skip non existing resourceDirectory E:\jdbc prg\hirbranate 1\Hb4\src\main\resources
2024-03-13 19:02:42,369 [Worker-137: Building] INFO  o.e.m.c.i.embedder.EclipseLogger - Using 'UTF-8' encoding to copy filtered resources.
2024-03-13 19:02:42,369 [Worker-137: Building] INFO  o.e.m.c.i.embedder.EclipseLogger - skip non existing resourceDirectory E:\jdbc prg\hirbranate 1\Hb4\src\test\resources
2024-03-14 12:38:44,642 [Worker-1: Loading available Gradle versions] INFO  o.e.b.c.i.u.g.PublishedGradleVersions - Gradle version information cache is up-to-date. Trying to read.
2024-03-14 12:42:23,182 [Worker-4: Building] INFO  o.e.m.c.i.embedder.EclipseLogger - Using 'UTF-8' encoding to copy filtered resources.
2024-03-14 12:42:23,185 [Worker-4: Building] INFO  o.e.m.c.i.embedder.EclipseLogger - skip non existing resourceDirectory E:\jdbc prg\hirbranate 1\Hb4\src\main\resources
2024-03-14 12:42:23,192 [Worker-4: Building] INFO  o.e.m.c.i.embedder.EclipseLogger - Using 'UTF-8' encoding to copy filtered resources.
2024-03-14 12:42:23,193 [Worker-4: Building] INFO  o.e.m.c.i.embedder.EclipseLogger - skip non existing resourceDirectory E:\jdbc prg\hirbranate 1\Hb4\src\test\resources
2024-03-14 12:48:12,684 [Worker-14: Building] INFO  o.e.m.c.i.embedder.EclipseLogger - Using 'UTF-8' encoding to copy filtered resources.
2024-03-14 12:48:12,684 [Worker-14: Building] INFO  o.e.m.c.i.embedder.EclipseLogger - skip non existing resourceDirectory E:\jdbc prg\hirbranate 1\Hb4\src\main\resources
2024-03-14 12:48:12,688 [Worker-14: Building] INFO  o.e.m.c.i.embedder.EclipseLogger - Using 'UTF-8' encoding to copy filtered resources.
2024-03-14 12:48:12,688 [Worker-14: Building] INFO  o.e.m.c.i.embedder.EclipseLogger - skip non existing resourceDirectory E:\jdbc prg\hirbranate 1\Hb4\src\test\resources
2024-03-14 13:54:18,394 [Worker-31: Launching mavenrun-e3e8c9d3-4d3d-40ab-b446-194c3023bb0f] INFO  o.eclipse.m2e.core.internal.Bundles - getClasspathEntries(Bundle=org.eclipse.m2e.maven.runtime_3.9.500.20231113-2345 [1461])
2024-03-14 13:54:18,397 [Worker-31: Launching mavenrun-e3e8c9d3-4d3d-40ab-b446-194c3023bb0f] INFO  o.eclipse.m2e.core.internal.Bundles - 	Entry: C:\Users\admin\.p2\pool\plugins\org.eclipse.m2e.maven.runtime_3.9.500.20231113-2345
2024-03-14 13:54:18,398 [Worker-31: Launching mavenrun-e3e8c9d3-4d3d-40ab-b446-194c3023bb0f] INFO  o.eclipse.m2e.core.internal.Bundles - 	Entry: C:\Users\admin\.p2\pool\plugins\org.eclipse.m2e.maven.runtime_3.9.500.20231113-2345\jars\aopalliance-1.0.jar
2024-03-14 13:54:18,399 [Worker-31: Launching mavenrun-e3e8c9d3-4d3d-40ab-b446-194c3023bb0f] INFO  o.eclipse.m2e.core.internal.Bundles - 	Entry: C:\Users\admin\.p2\pool\plugins\org.eclipse.m2e.maven.runtime_3.9.500.20231113-2345\jars\guice-5.1.0.jar
2024-03-14 13:54:18,399 [Worker-31: Launching mavenrun-e3e8c9d3-4d3d-40ab-b446-194c3023bb0f] INFO  o.eclipse.m2e.core.internal.Bundles - 	Entry: C:\Users\admin\.p2\pool\plugins\org.eclipse.m2e.maven.runtime_3.9.500.20231113-2345\jars\httpclient-4.5.14.jar
2024-03-14 13:54:18,399 [Worker-31: Launching mavenrun-e3e8c9d3-4d3d-40ab-b446-194c3023bb0f] INFO  o.eclipse.m2e.core.internal.Bundles - 	Entry: C:\Users\admin\.p2\pool\plugins\org.eclipse.m2e.maven.runtime_3.9.500.20231113-2345\jars\httpcore-4.4.16.jar
2024-03-14 13:54:18,399 [Worker-31: Launching mavenrun-e3e8c9d3-4d3d-40ab-b446-194c3023bb0f] INFO  o.eclipse.m2e.core.internal.Bundles - 	Entry: C:\Users\admin\.p2\pool\plugins\org.eclipse.m2e.maven.runtime_3.9.500.20231113-2345\jars\jansi-2.4.0.jar
2024-03-14 13:54:18,400 [Worker-31: Launching mavenrun-e3e8c9d3-4d3d-40ab-b446-194c3023bb0f] INFO  o.eclipse.m2e.core.internal.Bundles - 	Entry: C:\Users\admin\.p2\pool\plugins\org.eclipse.m2e.maven.runtime_3.9.500.20231113-2345\jars\jcl-over-slf4j-1.7.36.jar
2024-03-14 13:54:18,401 [Worker-31: Launching mavenrun-e3e8c9d3-4d3d-40ab-b446-194c3023bb0f] INFO  o.eclipse.m2e.core.internal.Bundles - 	Entry: C:\Users\admin\.p2\pool\plugins\org.eclipse.m2e.maven.runtime_3.9.500.20231113-2345\jars\maven-artifact-3.9.5.jar
2024-03-14 13:54:18,401 [Worker-31: Launching mavenrun-e3e8c9d3-4d3d-40ab-b446-194c3023bb0f] INFO  o.eclipse.m2e.core.internal.Bundles - 	Entry: C:\Users\admin\.p2\pool\plugins\org.eclipse.m2e.maven.runtime_3.9.500.20231113-2345\jars\maven-builder-support-3.9.5.jar
2024-03-14 13:54:18,401 [Worker-31: Launching mavenrun-e3e8c9d3-4d3d-40ab-b446-194c3023bb0f] INFO  o.eclipse.m2e.core.internal.Bundles - 	Entry: C:\Users\admin\.p2\pool\plugins\org.eclipse.m2e.maven.runtime_3.9.500.20231113-2345\jars\maven-compat-3.9.5.jar
2024-03-14 13:54:18,401 [Worker-31: Launching mavenrun-e3e8c9d3-4d3d-40ab-b446-194c3023bb0f] INFO  o.eclipse.m2e.core.internal.Bundles - 	Entry: C:\Users\admin\.p2\pool\plugins\org.eclipse.m2e.maven.runtime_3.9.500.20231113-2345\jars\maven-core-3.9.5.jar
2024-03-14 13:54:18,401 [Worker-31: Launching mavenrun-e3e8c9d3-4d3d-40ab-b446-194c3023bb0f] INFO  o.eclipse.m2e.core.internal.Bundles - 	Entry: C:\Users\admin\.p2\pool\plugins\org.eclipse.m2e.maven.runtime_3.9.500.20231113-2345\jars\maven-embedder-3.9.5.jar
2024-03-14 13:54:18,402 [Worker-31: Launching mavenrun-e3e8c9d3-4d3d-40ab-b446-194c3023bb0f] INFO  o.eclipse.m2e.core.internal.Bundles - 	Entry: C:\Users\admin\.p2\pool\plugins\org.eclipse.m2e.maven.runtime_3.9.500.20231113-2345\jars\maven-model-3.9.5.jar
2024-03-14 13:54:18,402 [Worker-31: Launching mavenrun-e3e8c9d3-4d3d-40ab-b446-194c3023bb0f] INFO  o.eclipse.m2e.core.internal.Bundles - 	Entry: C:\Users\admin\.p2\pool\plugins\org.eclipse.m2e.maven.runtime_3.9.500.20231113-2345\jars\maven-model-builder-3.9.5.jar
2024-03-14 13:54:18,403 [Worker-31: Launching mavenrun-e3e8c9d3-4d3d-40ab-b446-194c3023bb0f] INFO  o.eclipse.m2e.core.internal.Bundles - 	Entry: C:\Users\admin\.p2\pool\plugins\org.eclipse.m2e.maven.runtime_3.9.500.20231113-2345\jars\maven-plugin-api-3.9.5.jar
2024-03-14 13:54:18,403 [Worker-31: Launching mavenrun-e3e8c9d3-4d3d-40ab-b446-194c3023bb0f] INFO  o.eclipse.m2e.core.internal.Bundles - 	Entry: C:\Users\admin\.p2\pool\plugins\org.eclipse.m2e.maven.runtime_3.9.500.20231113-2345\jars\maven-repository-metadata-3.9.5.jar
2024-03-14 13:54:18,403 [Worker-31: Launching mavenrun-e3e8c9d3-4d3d-40ab-b446-194c3023bb0f] INFO  o.eclipse.m2e.core.internal.Bundles - 	Entry: C:\Users\admin\.p2\pool\plugins\org.eclipse.m2e.maven.runtime_3.9.500.20231113-2345\jars\maven-resolver-api-1.9.16.jar
2024-03-14 13:54:18,404 [Worker-31: Launching mavenrun-e3e8c9d3-4d3d-40ab-b446-194c3023bb0f] INFO  o.eclipse.m2e.core.internal.Bundles - 	Entry: C:\Users\admin\.p2\pool\plugins\org.eclipse.m2e.maven.runtime_3.9.500.20231113-2345\jars\maven-resolver-connector-basic-1.9.16.jar
2024-03-14 13:54:18,404 [Worker-31: Launching mavenrun-e3e8c9d3-4d3d-40ab-b446-194c3023bb0f] INFO  o.eclipse.m2e.core.internal.Bundles - 	Entry: C:\Users\admin\.p2\pool\plugins\org.eclipse.m2e.maven.runtime_3.9.500.20231113-2345\jars\maven-resolver-impl-1.9.16.jar
2024-03-14 13:54:18,405 [Worker-31: Launching mavenrun-e3e8c9d3-4d3d-40ab-b446-194c3023bb0f] INFO  o.eclipse.m2e.core.internal.Bundles - 	Entry: C:\Users\admin\.p2\pool\plugins\org.eclipse.m2e.maven.runtime_3.9.500.20231113-2345\jars\maven-resolver-named-locks-1.9.16.jar
2024-03-14 13:54:18,406 [Worker-31: Launching mavenrun-e3e8c9d3-4d3d-40ab-b446-194c3023bb0f] INFO  o.eclipse.m2e.core.internal.Bundles - 	Entry: C:\Users\admin\.p2\pool\plugins\org.eclipse.m2e.maven.runtime_3.9.500.20231113-2345\jars\maven-resolver-provider-3.9.5.jar
2024-03-14 13:54:18,406 [Worker-31: Launching mavenrun-e3e8c9d3-4d3d-40ab-b446-194c3023bb0f] INFO  o.eclipse.m2e.core.internal.Bundles - 	Entry: C:\Users\admin\.p2\pool\plugins\org.eclipse.m2e.maven.runtime_3.9.500.20231113-2345\jars\maven-resolver-spi-1.9.16.jar
2024-03-14 13:54:18,406 [Worker-31: Launching mavenrun-e3e8c9d3-4d3d-40ab-b446-194c3023bb0f] INFO  o.eclipse.m2e.core.internal.Bundles - 	Entry: C:\Users\admin\.p2\pool\plugins\org.eclipse.m2e.maven.runtime_3.9.500.20231113-2345\jars\maven-resolver-transport-file-1.9.16.jar
2024-03-14 13:54:18,406 [Worker-31: Launching mavenrun-e3e8c9d3-4d3d-40ab-b446-194c3023bb0f] INFO  o.eclipse.m2e.core.internal.Bundles - 	Entry: C:\Users\admin\.p2\pool\plugins\org.eclipse.m2e.maven.runtime_3.9.500.20231113-2345\jars\maven-resolver-transport-http-1.9.16.jar
2024-03-14 13:54:18,407 [Worker-31: Launching mavenrun-e3e8c9d3-4d3d-40ab-b446-194c3023bb0f] INFO  o.eclipse.m2e.core.internal.Bundles - 	Entry: C:\Users\admin\.p2\pool\plugins\org.eclipse.m2e.maven.runtime_3.9.500.20231113-2345\jars\maven-resolver-transport-wagon-1.9.16.jar
2024-03-14 13:54:18,407 [Worker-31: Launching mavenrun-e3e8c9d3-4d3d-40ab-b446-194c3023bb0f] INFO  o.eclipse.m2e.core.internal.Bundles - 	Entry: C:\Users\admin\.p2\pool\plugins\org.eclipse.m2e.maven.runtime_3.9.500.20231113-2345\jars\maven-resolver-util-1.9.16.jar
2024-03-14 13:54:18,408 [Worker-31: Launching mavenrun-e3e8c9d3-4d3d-40ab-b446-194c3023bb0f] INFO  o.eclipse.m2e.core.internal.Bundles - 	Entry: C:\Users\admin\.p2\pool\plugins\org.eclipse.m2e.maven.runtime_3.9.500.20231113-2345\jars\maven-settings-3.9.5.jar
2024-03-14 13:54:18,408 [Worker-31: Launching mavenrun-e3e8c9d3-4d3d-40ab-b446-194c3023bb0f] INFO  o.eclipse.m2e.core.internal.Bundles - 	Entry: C:\Users\admin\.p2\pool\plugins\org.eclipse.m2e.maven.runtime_3.9.500.20231113-2345\jars\maven-settings-builder-3.9.5.jar
2024-03-14 13:54:18,409 [Worker-31: Launching mavenrun-e3e8c9d3-4d3d-40ab-b446-194c3023bb0f] INFO  o.eclipse.m2e.core.internal.Bundles - 	Entry: C:\Users\admin\.p2\pool\plugins\org.eclipse.m2e.maven.runtime_3.9.500.20231113-2345\jars\maven-shared-utils-3.3.4.jar
2024-03-14 13:54:18,410 [Worker-31: Launching mavenrun-e3e8c9d3-4d3d-40ab-b446-194c3023bb0f] INFO  o.eclipse.m2e.core.internal.Bundles - 	Entry: C:\Users\admin\.p2\pool\plugins\org.eclipse.m2e.maven.runtime_3.9.500.20231113-2345\jars\org.eclipse.sisu.inject-0.3.5.jar
2024-03-14 13:54:18,410 [Worker-31: Launching mavenrun-e3e8c9d3-4d3d-40ab-b446-194c3023bb0f] INFO  o.eclipse.m2e.core.internal.Bundles - 	Entry: C:\Users\admin\.p2\pool\plugins\org.eclipse.m2e.maven.runtime_3.9.500.20231113-2345\jars\org.eclipse.sisu.plexus-0.3.5.jar
2024-03-14 13:54:18,411 [Worker-31: Launching mavenrun-e3e8c9d3-4d3d-40ab-b446-194c3023bb0f] INFO  o.eclipse.m2e.core.internal.Bundles - 	Entry: C:\Users\admin\.p2\pool\plugins\org.eclipse.m2e.maven.runtime_3.9.500.20231113-2345\jars\plexus-build-api-0.0.7.jar
2024-03-14 13:54:18,411 [Worker-31: Launching mavenrun-e3e8c9d3-4d3d-40ab-b446-194c3023bb0f] INFO  o.eclipse.m2e.core.internal.Bundles - 	Entry: C:\Users\admin\.p2\pool\plugins\org.eclipse.m2e.maven.runtime_3.9.500.20231113-2345\jars\plexus-cipher-2.0.jar
2024-03-14 13:54:18,411 [Worker-31: Launching mavenrun-e3e8c9d3-4d3d-40ab-b446-194c3023bb0f] INFO  o.eclipse.m2e.core.internal.Bundles - 	Entry: C:\Users\admin\.p2\pool\plugins\org.eclipse.m2e.maven.runtime_3.9.500.20231113-2345\jars\plexus-classworlds-2.7.0.jar
2024-03-14 13:54:18,412 [Worker-31: Launching mavenrun-e3e8c9d3-4d3d-40ab-b446-194c3023bb0f] INFO  o.eclipse.m2e.core.internal.Bundles - 	Entry: C:\Users\admin\.p2\pool\plugins\org.eclipse.m2e.maven.runtime_3.9.500.20231113-2345\jars\plexus-component-annotations-2.1.0.jar
2024-03-14 13:54:18,412 [Worker-31: Launching mavenrun-e3e8c9d3-4d3d-40ab-b446-194c3023bb0f] INFO  o.eclipse.m2e.core.internal.Bundles - 	Entry: C:\Users\admin\.p2\pool\plugins\org.eclipse.m2e.maven.runtime_3.9.500.20231113-2345\jars\plexus-interpolation-1.26.jar
2024-03-14 13:54:18,412 [Worker-31: Launching mavenrun-e3e8c9d3-4d3d-40ab-b446-194c3023bb0f] INFO  o.eclipse.m2e.core.internal.Bundles - 	Entry: C:\Users\admin\.p2\pool\plugins\org.eclipse.m2e.maven.runtime_3.9.500.20231113-2345\jars\plexus-sec-dispatcher-2.0.jar
2024-03-14 13:54:18,413 [Worker-31: Launching mavenrun-e3e8c9d3-4d3d-40ab-b446-194c3023bb0f] INFO  o.eclipse.m2e.core.internal.Bundles - 	Entry: C:\Users\admin\.p2\pool\plugins\org.eclipse.m2e.maven.runtime_3.9.500.20231113-2345\jars\plexus-utils-3.5.1.jar
2024-03-14 13:54:18,413 [Worker-31: Launching mavenrun-e3e8c9d3-4d3d-40ab-b446-194c3023bb0f] INFO  o.eclipse.m2e.core.internal.Bundles - 	Entry: C:\Users\admin\.p2\pool\plugins\org.eclipse.m2e.maven.runtime_3.9.500.20231113-2345\jars\wagon-file-3.5.3.jar
2024-03-14 13:54:18,413 [Worker-31: Launching mavenrun-e3e8c9d3-4d3d-40ab-b446-194c3023bb0f] INFO  o.eclipse.m2e.core.internal.Bundles - 	Entry: C:\Users\admin\.p2\pool\plugins\org.eclipse.m2e.maven.runtime_3.9.500.20231113-2345\jars\wagon-http-3.5.3.jar
2024-03-14 13:54:18,414 [Worker-31: Launching mavenrun-e3e8c9d3-4d3d-40ab-b446-194c3023bb0f] INFO  o.eclipse.m2e.core.internal.Bundles - 	Entry: C:\Users\admin\.p2\pool\plugins\org.eclipse.m2e.maven.runtime_3.9.500.20231113-2345\jars\wagon-http-shared-3.5.3.jar
2024-03-14 13:54:18,414 [Worker-31: Launching mavenrun-e3e8c9d3-4d3d-40ab-b446-194c3023bb0f] INFO  o.eclipse.m2e.core.internal.Bundles - 	Entry: C:\Users\admin\.p2\pool\plugins\org.eclipse.m2e.maven.runtime_3.9.500.20231113-2345\jars\wagon-provider-api-3.5.3.jar
2024-03-14 13:54:18,416 [Worker-31: Launching mavenrun-e3e8c9d3-4d3d-40ab-b446-194c3023bb0f] INFO  o.eclipse.m2e.core.internal.Bundles - getClasspathEntries(Bundle=com.google.guava_32.1.3.jre [982])
2024-03-14 13:54:18,418 [Worker-31: Launching mavenrun-e3e8c9d3-4d3d-40ab-b446-194c3023bb0f] INFO  o.eclipse.m2e.core.internal.Bundles - 	Entry: C:\Users\admin\.p2\pool\plugins\com.google.guava_32.1.3.jre.jar
2024-03-14 13:54:18,418 [Worker-31: Launching mavenrun-e3e8c9d3-4d3d-40ab-b446-194c3023bb0f] INFO  o.eclipse.m2e.core.internal.Bundles - getClasspathEntries(Bundle=slf4j.api_2.0.12 [1712])
2024-03-14 13:54:18,419 [Worker-31: Launching mavenrun-e3e8c9d3-4d3d-40ab-b446-194c3023bb0f] INFO  o.eclipse.m2e.core.internal.Bundles - 	Entry: C:\Users\admin\.p2\pool\plugins\slf4j.api_2.0.12.jar
2024-03-14 13:54:18,419 [Worker-31: Launching mavenrun-e3e8c9d3-4d3d-40ab-b446-194c3023bb0f] INFO  o.eclipse.m2e.core.internal.Bundles - getClasspathEntries(Bundle=javax.inject_1.0.0.v20220405-0441 [37])
2024-03-14 13:54:18,420 [Worker-31: Launching mavenrun-e3e8c9d3-4d3d-40ab-b446-194c3023bb0f] INFO  o.eclipse.m2e.core.internal.Bundles - 	Entry: C:\Users\admin\.p2\pool\plugins\javax.inject_1.0.0.v20220405-0441.jar
2024-03-14 13:54:18,421 [Worker-31: Launching mavenrun-e3e8c9d3-4d3d-40ab-b446-194c3023bb0f] INFO  o.eclipse.m2e.core.internal.Bundles - getClasspathEntries(Bundle=javax.annotation_1.3.5.v20230504-0748 [35])
2024-03-14 13:54:18,422 [Worker-31: Launching mavenrun-e3e8c9d3-4d3d-40ab-b446-194c3023bb0f] INFO  o.eclipse.m2e.core.internal.Bundles - 	Entry: C:\Users\admin\.p2\pool\plugins\javax.annotation_1.3.5.v20230504-0748.jar
2024-03-14 13:54:18,422 [Worker-31: Launching mavenrun-e3e8c9d3-4d3d-40ab-b446-194c3023bb0f] INFO  o.eclipse.m2e.core.internal.Bundles - getClasspathEntries(Bundle=org.apache.commons.cli_1.6.0 [1014])
2024-03-14 13:54:18,423 [Worker-31: Launching mavenrun-e3e8c9d3-4d3d-40ab-b446-194c3023bb0f] INFO  o.eclipse.m2e.core.internal.Bundles - 	Entry: C:\Users\admin\.p2\pool\plugins\org.apache.commons.cli_1.6.0.jar
2024-03-14 13:54:18,423 [Worker-31: Launching mavenrun-e3e8c9d3-4d3d-40ab-b446-194c3023bb0f] INFO  o.eclipse.m2e.core.internal.Bundles - getClasspathEntries(Bundle=org.apache.commons.commons-codec_1.16.0 [1017])
2024-03-14 13:54:18,424 [Worker-31: Launching mavenrun-e3e8c9d3-4d3d-40ab-b446-194c3023bb0f] INFO  o.eclipse.m2e.core.internal.Bundles - 	Entry: C:\Users\admin\.p2\pool\plugins\org.apache.commons.commons-codec_1.16.0.jar
2024-03-14 13:54:18,425 [Worker-31: Launching mavenrun-e3e8c9d3-4d3d-40ab-b446-194c3023bb0f] INFO  o.eclipse.m2e.core.internal.Bundles - getClasspathEntries(Bundle=org.apache.commons.lang3_3.13.0 [1021])
2024-03-14 13:54:18,426 [Worker-31: Launching mavenrun-e3e8c9d3-4d3d-40ab-b446-194c3023bb0f] INFO  o.eclipse.m2e.core.internal.Bundles - 	Entry: C:\Users\admin\.p2\pool\plugins\org.apache.commons.lang3_3.13.0.jar
2024-03-14 13:54:18,426 [Worker-31: Launching mavenrun-e3e8c9d3-4d3d-40ab-b446-194c3023bb0f] INFO  o.eclipse.m2e.core.internal.Bundles - getClasspathEntries(Bundle=com.google.guava.failureaccess_1.0.2 [983])
2024-03-14 13:54:18,427 [Worker-31: Launching mavenrun-e3e8c9d3-4d3d-40ab-b446-194c3023bb0f] INFO  o.eclipse.m2e.core.internal.Bundles - 	Entry: C:\Users\admin\.p2\pool\plugins\com.google.guava.failureaccess_1.0.2.jar
2024-03-14 13:54:18,432 [Worker-31: Launching mavenrun-e3e8c9d3-4d3d-40ab-b446-194c3023bb0f] INFO  o.e.m.i.launch.MavenLaunchDelegate - Run build in "C:\Users\admin\AppData\Local\Temp\m2e-archetypeGenerator6803239094981945212":
2024-03-14 13:54:18,433 [Worker-31: Launching mavenrun-e3e8c9d3-4d3d-40ab-b446-194c3023bb0f] INFO  o.e.m.i.launch.MavenLaunchDelegate -  mvn  -DarchetypeGroupId=org.apache.maven.archetypes -DarchetypeArtifactId=maven-archetype-quickstart -DarchetypeVersion=1.4 -DgroupId=Hb5 -DartifactId=Hb5 -Dversion=0.0.1-SNAPSHOT -Dpackage=com.demo -DoutputDirectory="E:\jdbc prg\hirbranate 1" -Dstyle.color=always -U archetype:generate
2024-03-14 13:55:06,300 [Worker-29: Creating maven-archetype-quickstart] INFO  o.e.m.c.i.p.ProjectConfigurationManager - Collecting project info '/pom.xml' E:\jdbc prg\hirbranate 1\Hb5\pom.xml
2024-03-14 13:55:07,191 [Worker-29: Creating maven-archetype-quickstart] INFO  o.e.m.c.i.l.LifecycleMappingFactory - Using org.eclipse.m2e.jdt.JarLifecycleMapping lifecycle mapping for MavenProject: Hb5:Hb5:0.0.1-SNAPSHOT @ E:\jdbc prg\hirbranate 1\Hb5\pom.xml.
2024-03-14 13:55:07,947 [Worker-29: Creating maven-archetype-quickstart] INFO  o.e.m.j.i.AbstractJavaProjectConfigurator - Adding source folder /Hb5/src/main/java
2024-03-14 13:55:07,947 [Worker-29: Creating maven-archetype-quickstart] INFO  o.e.m.j.i.AbstractJavaProjectConfigurator - Adding resource folder /Hb5/src/main/resources
2024-03-14 13:55:07,961 [Worker-29: Creating maven-archetype-quickstart] INFO  o.e.m.j.i.AbstractJavaProjectConfigurator - Adding source folder /Hb5/src/test/java
2024-03-14 13:55:07,962 [Worker-29: Creating maven-archetype-quickstart] INFO  o.e.m.j.i.AbstractJavaProjectConfigurator - Adding resource folder /Hb5/src/test/resources
2024-03-14 13:55:08,214 [Worker-29: Creating maven-archetype-quickstart] INFO  o.e.m.c.i.p.ProjectConfigurationManager - Imported and configured 1 project(s) in 1 sec
2024-03-14 13:55:08,802 [Worker-29: Building] INFO  o.e.m.c.i.embedder.EclipseLogger - Using 'UTF-8' encoding to copy filtered resources.
2024-03-14 13:55:08,802 [Worker-29: Building] INFO  o.e.m.c.i.embedder.EclipseLogger - skip non existing resourceDirectory E:\jdbc prg\hirbranate 1\Hb5\src\main\resources
2024-03-14 13:55:08,806 [Worker-29: Building] INFO  o.e.m.c.i.embedder.EclipseLogger - Using 'UTF-8' encoding to copy filtered resources.
2024-03-14 13:55:08,806 [Worker-29: Building] INFO  o.e.m.c.i.embedder.EclipseLogger - skip non existing resourceDirectory E:\jdbc prg\hirbranate 1\Hb5\src\test\resources
2024-03-14 13:55:32,720 [Worker-35: Updating Maven Project] INFO  o.e.m.c.i.p.ProjectConfigurationManager - Update started
2024-03-14 13:55:33,487 [Worker-35: Updating Maven Project] INFO  o.e.m.c.i.l.LifecycleMappingFactory - Using org.eclipse.m2e.jdt.JarLifecycleMapping lifecycle mapping for MavenProject: Hb5:Hb5:0.0.1-SNAPSHOT @ E:\jdbc prg\hirbranate 1\Hb5\pom.xml.
2024-03-14 13:55:33,636 [Worker-35: Updating Maven Project] INFO  o.e.m.c.i.l.LifecycleMappingFactory - Using org.eclipse.m2e.jdt.JarLifecycleMapping lifecycle mapping for MavenProject: Hb4:Hb4:0.0.1-SNAPSHOT @ E:\jdbc prg\hirbranate 1\Hb4\pom.xml.
2024-03-14 13:55:34,338 [Worker-35: Updating Maven Project] INFO  o.e.m.j.i.AbstractJavaProjectConfigurator - Adding source folder /Hb5/src/main/java
2024-03-14 13:55:34,338 [Worker-35: Updating Maven Project] INFO  o.e.m.j.i.AbstractJavaProjectConfigurator - Adding resource folder /Hb5/src/main/resources
2024-03-14 13:55:34,339 [Worker-35: Updating Maven Project] INFO  o.e.m.j.i.AbstractJavaProjectConfigurator - Adding source folder /Hb5/src/test/java
2024-03-14 13:55:34,339 [Worker-35: Updating Maven Project] INFO  o.e.m.j.i.AbstractJavaProjectConfigurator - Adding resource folder /Hb5/src/test/resources
2024-03-14 13:55:34,459 [Worker-35: Updating Maven Project] INFO  o.e.m.c.i.p.ProjectConfigurationManager - Update completed for 1 poms: local refresh takes 0.00 sec, refresh facades takes 1.00 sec, update config takes 0.00 sec 
2024-03-14 13:55:34,875 [Worker-35: Building] INFO  o.e.m.c.i.embedder.EclipseLogger - Using 'UTF-8' encoding to copy filtered resources.
2024-03-14 13:55:34,876 [Worker-35: Building] INFO  o.e.m.c.i.embedder.EclipseLogger - skip non existing resourceDirectory E:\jdbc prg\hirbranate 1\Hb5\src\main\resources
2024-03-14 13:55:34,885 [Worker-35: Building] INFO  o.e.m.c.i.embedder.EclipseLogger - Using 'UTF-8' encoding to copy filtered resources.
2024-03-14 13:55:34,885 [Worker-35: Building] INFO  o.e.m.c.i.embedder.EclipseLogger - skip non existing resourceDirectory E:\jdbc prg\hirbranate 1\Hb5\src\test\resources
2024-03-14 14:01:44,247 [Worker-39: Building] INFO  o.e.m.c.i.l.LifecycleMappingFactory - Using org.eclipse.m2e.jdt.JarLifecycleMapping lifecycle mapping for MavenProject: Hb5:Hb5:0.0.1-SNAPSHOT @ E:\jdbc prg\hirbranate 1\Hb5\pom.xml.
2024-03-14 14:01:45,058 [Worker-39: Building] INFO  o.e.m.c.i.embedder.EclipseLogger - Using 'UTF-8' encoding to copy filtered resources.
2024-03-14 14:01:45,058 [Worker-39: Building] INFO  o.e.m.c.i.embedder.EclipseLogger - skip non existing resourceDirectory E:\jdbc prg\hirbranate 1\Hb5\src\main\resources
2024-03-14 14:01:45,063 [Worker-39: Building] INFO  o.e.m.c.i.embedder.EclipseLogger - Using 'UTF-8' encoding to copy filtered resources.
2024-03-14 14:01:45,063 [Worker-39: Building] INFO  o.e.m.c.i.embedder.EclipseLogger - skip non existing resourceDirectory E:\jdbc prg\hirbranate 1\Hb5\src\test\resources
2024-03-14 14:02:49,691 [Worker-29: Building] INFO  o.e.m.c.i.l.LifecycleMappingFactory - Using org.eclipse.m2e.jdt.JarLifecycleMapping lifecycle mapping for MavenProject: Hb5:Hb5:0.0.1-SNAPSHOT @ E:\jdbc prg\hirbranate 1\Hb5\pom.xml.
2024-03-14 14:02:50,409 [Worker-29: Building] INFO  o.e.m.c.i.embedder.EclipseLogger - Using 'UTF-8' encoding to copy filtered resources.
2024-03-14 14:02:50,410 [Worker-29: Building] INFO  o.e.m.c.i.embedder.EclipseLogger - skip non existing resourceDirectory E:\jdbc prg\hirbranate 1\Hb5\src\main\resources
2024-03-14 14:02:50,417 [Worker-29: Building] INFO  o.e.m.c.i.embedder.EclipseLogger - Using 'UTF-8' encoding to copy filtered resources.
2024-03-14 14:02:50,417 [Worker-29: Building] INFO  o.e.m.c.i.embedder.EclipseLogger - skip non existing resourceDirectory E:\jdbc prg\hirbranate 1\Hb5\src\test\resources
2024-03-14 14:04:22,313 [Worker-34: Building] INFO  o.e.m.c.i.embedder.EclipseLogger - Using 'UTF-8' encoding to copy filtered resources.
2024-03-14 14:04:22,313 [Worker-34: Building] INFO  o.e.m.c.i.embedder.EclipseLogger - skip non existing resourceDirectory E:\jdbc prg\hirbranate 1\Hb5\src\main\resources
2024-03-14 14:04:22,316 [Worker-34: Building] INFO  o.e.m.c.i.embedder.EclipseLogger - Using 'UTF-8' encoding to copy filtered resources.
2024-03-14 14:04:22,316 [Worker-34: Building] INFO  o.e.m.c.i.embedder.EclipseLogger - skip non existing resourceDirectory E:\jdbc prg\hirbranate 1\Hb5\src\test\resources
2024-03-14 14:04:47,344 [Worker-41: Building] INFO  o.e.m.c.i.embedder.EclipseLogger - Using 'UTF-8' encoding to copy filtered resources.
2024-03-14 14:04:47,344 [Worker-41: Building] INFO  o.e.m.c.i.embedder.EclipseLogger - skip non existing resourceDirectory E:\jdbc prg\hirbranate 1\Hb5\src\main\resources
2024-03-14 14:04:47,348 [Worker-41: Building] INFO  o.e.m.c.i.embedder.EclipseLogger - Using 'UTF-8' encoding to copy filtered resources.
2024-03-14 14:04:47,348 [Worker-41: Building] INFO  o.e.m.c.i.embedder.EclipseLogger - skip non existing resourceDirectory E:\jdbc prg\hirbranate 1\Hb5\src\test\resources
2024-03-14 14:11:32,467 [Worker-42: Building] INFO  o.e.m.c.i.embedder.EclipseLogger - Using 'UTF-8' encoding to copy filtered resources.
2024-03-14 14:11:32,467 [Worker-42: Building] INFO  o.e.m.c.i.embedder.EclipseLogger - skip non existing resourceDirectory E:\jdbc prg\hirbranate 1\Hb5\src\main\resources
2024-03-14 14:11:32,471 [Worker-42: Building] INFO  o.e.m.c.i.embedder.EclipseLogger - Using 'UTF-8' encoding to copy filtered resources.
2024-03-14 14:11:32,471 [Worker-42: Building] INFO  o.e.m.c.i.embedder.EclipseLogger - skip non existing resourceDirectory E:\jdbc prg\hirbranate 1\Hb5\src\test\resources
2024-03-14 23:30:34,880 [Worker-1: Loading available Gradle versions] INFO  o.e.b.c.i.u.g.PublishedGradleVersions - Gradle version information cache is out-of-date. Trying to update.
2024-03-14 23:33:46,921 [Worker-12: Building] INFO  o.e.m.c.i.embedder.EclipseLogger - Using 'UTF-8' encoding to copy filtered resources.
2024-03-14 23:33:46,923 [Worker-12: Building] INFO  o.e.m.c.i.embedder.EclipseLogger - skip non existing resourceDirectory E:\jdbc prg\hirbranate 1\Hb4\src\main\resources
2024-03-14 23:33:46,934 [Worker-12: Building] INFO  o.e.m.c.i.embedder.EclipseLogger - Using 'UTF-8' encoding to copy filtered resources.
2024-03-14 23:33:46,935 [Worker-12: Building] INFO  o.e.m.c.i.embedder.EclipseLogger - skip non existing resourceDirectory E:\jdbc prg\hirbranate 1\Hb4\src\test\resources
2024-03-14 23:35:36,502 [Worker-12: Building] INFO  o.e.m.c.i.embedder.EclipseLogger - Using 'UTF-8' encoding to copy filtered resources.
2024-03-14 23:35:36,502 [Worker-12: Building] INFO  o.e.m.c.i.embedder.EclipseLogger - skip non existing resourceDirectory E:\jdbc prg\hirbranate 1\Hb4\src\main\resources
2024-03-14 23:35:36,507 [Worker-12: Building] INFO  o.e.m.c.i.embedder.EclipseLogger - Using 'UTF-8' encoding to copy filtered resources.
2024-03-14 23:35:36,507 [Worker-12: Building] INFO  o.e.m.c.i.embedder.EclipseLogger - skip non existing resourceDirectory E:\jdbc prg\hirbranate 1\Hb4\src\test\resources
2024-03-14 23:38:03,594 [Worker-4: Building] INFO  o.e.m.c.i.embedder.EclipseLogger - Using 'UTF-8' encoding to copy filtered resources.
2024-03-14 23:38:03,594 [Worker-4: Building] INFO  o.e.m.c.i.embedder.EclipseLogger - skip non existing resourceDirectory E:\jdbc prg\hirbranate 1\Hb4\src\main\resources
2024-03-14 23:38:03,600 [Worker-4: Building] INFO  o.e.m.c.i.embedder.EclipseLogger - Using 'UTF-8' encoding to copy filtered resources.
2024-03-14 23:38:03,600 [Worker-4: Building] INFO  o.e.m.c.i.embedder.EclipseLogger - skip non existing resourceDirectory E:\jdbc prg\hirbranate 1\Hb4\src\test\resources
2024-03-14 23:39:24,419 [Worker-16: Building] INFO  o.e.m.c.i.embedder.EclipseLogger - Using 'UTF-8' encoding to copy filtered resources.
2024-03-14 23:39:24,419 [Worker-16: Building] INFO  o.e.m.c.i.embedder.EclipseLogger - skip non existing resourceDirectory E:\jdbc prg\hirbranate 1\Hb4\src\main\resources
2024-03-14 23:39:24,423 [Worker-16: Building] INFO  o.e.m.c.i.embedder.EclipseLogger - Using 'UTF-8' encoding to copy filtered resources.
2024-03-14 23:39:24,423 [Worker-16: Building] INFO  o.e.m.c.i.embedder.EclipseLogger - skip non existing resourceDirectory E:\jdbc prg\hirbranate 1\Hb4\src\test\resources
2024-03-14 23:41:26,875 [Worker-17: Building] INFO  o.e.m.c.i.embedder.EclipseLogger - Using 'UTF-8' encoding to copy filtered resources.
2024-03-14 23:41:26,875 [Worker-17: Building] INFO  o.e.m.c.i.embedder.EclipseLogger - skip non existing resourceDirectory E:\jdbc prg\hirbranate 1\Hb4\src\main\resources
2024-03-14 23:41:26,878 [Worker-17: Building] INFO  o.e.m.c.i.embedder.EclipseLogger - Using 'UTF-8' encoding to copy filtered resources.
2024-03-14 23:41:26,878 [Worker-17: Building] INFO  o.e.m.c.i.embedder.EclipseLogger - skip non existing resourceDirectory E:\jdbc prg\hirbranate 1\Hb4\src\test\resources
2024-03-14 23:42:22,205 [Worker-19: Building] INFO  o.e.m.c.i.embedder.EclipseLogger - Using 'UTF-8' encoding to copy filtered resources.
2024-03-14 23:42:22,206 [Worker-19: Building] INFO  o.e.m.c.i.embedder.EclipseLogger - skip non existing resourceDirectory E:\jdbc prg\hirbranate 1\Hb4\src\main\resources
2024-03-14 23:42:22,209 [Worker-19: Building] INFO  o.e.m.c.i.embedder.EclipseLogger - Using 'UTF-8' encoding to copy filtered resources.
2024-03-14 23:42:22,209 [Worker-19: Building] INFO  o.e.m.c.i.embedder.EclipseLogger - skip non existing resourceDirectory E:\jdbc prg\hirbranate 1\Hb4\src\test\resources
2024-03-14 23:43:10,422 [Worker-18: Building] INFO  o.e.m.c.i.embedder.EclipseLogger - Using 'UTF-8' encoding to copy filtered resources.
2024-03-14 23:43:10,422 [Worker-18: Building] INFO  o.e.m.c.i.embedder.EclipseLogger - skip non existing resourceDirectory E:\jdbc prg\hirbranate 1\Hb4\src\main\resources
2024-03-14 23:43:10,426 [Worker-18: Building] INFO  o.e.m.c.i.embedder.EclipseLogger - Using 'UTF-8' encoding to copy filtered resources.
2024-03-14 23:43:10,426 [Worker-18: Building] INFO  o.e.m.c.i.embedder.EclipseLogger - skip non existing resourceDirectory E:\jdbc prg\hirbranate 1\Hb4\src\test\resources
2024-03-14 23:44:59,239 [Worker-17: Building] INFO  o.e.m.c.i.embedder.EclipseLogger - Using 'UTF-8' encoding to copy filtered resources.
2024-03-14 23:44:59,239 [Worker-17: Building] INFO  o.e.m.c.i.embedder.EclipseLogger - skip non existing resourceDirectory E:\jdbc prg\hirbranate 1\Hb4\src\main\resources
2024-03-14 23:44:59,242 [Worker-17: Building] INFO  o.e.m.c.i.embedder.EclipseLogger - Using 'UTF-8' encoding to copy filtered resources.
2024-03-14 23:44:59,242 [Worker-17: Building] INFO  o.e.m.c.i.embedder.EclipseLogger - skip non existing resourceDirectory E:\jdbc prg\hirbranate 1\Hb4\src\test\resources
2024-03-14 23:45:05,218 [Worker-14: Building] INFO  o.e.m.c.i.embedder.EclipseLogger - Using 'UTF-8' encoding to copy filtered resources.
2024-03-14 23:45:05,218 [Worker-14: Building] INFO  o.e.m.c.i.embedder.EclipseLogger - skip non existing resourceDirectory E:\jdbc prg\hirbranate 1\Hb4\src\main\resources
2024-03-14 23:45:05,221 [Worker-14: Building] INFO  o.e.m.c.i.embedder.EclipseLogger - Using 'UTF-8' encoding to copy filtered resources.
2024-03-14 23:45:05,221 [Worker-14: Building] INFO  o.e.m.c.i.embedder.EclipseLogger - skip non existing resourceDirectory E:\jdbc prg\hirbranate 1\Hb4\src\test\resources
2024-03-14 23:46:01,673 [Worker-17: Building] INFO  o.e.m.c.i.embedder.EclipseLogger - Using 'UTF-8' encoding to copy filtered resources.
2024-03-14 23:46:01,673 [Worker-17: Building] INFO  o.e.m.c.i.embedder.EclipseLogger - skip non existing resourceDirectory E:\jdbc prg\hirbranate 1\Hb4\src\main\resources
2024-03-14 23:46:01,678 [Worker-17: Building] INFO  o.e.m.c.i.embedder.EclipseLogger - Using 'UTF-8' encoding to copy filtered resources.
2024-03-14 23:46:01,678 [Worker-17: Building] INFO  o.e.m.c.i.embedder.EclipseLogger - skip non existing resourceDirectory E:\jdbc prg\hirbranate 1\Hb4\src\test\resources
2024-03-14 23:50:18,314 [Worker-18: Building] INFO  o.e.m.c.i.embedder.EclipseLogger - Using 'UTF-8' encoding to copy filtered resources.
2024-03-14 23:50:18,314 [Worker-18: Building] INFO  o.e.m.c.i.embedder.EclipseLogger - skip non existing resourceDirectory E:\jdbc prg\hirbranate 1\Hb4\src\main\resources
2024-03-14 23:50:18,317 [Worker-18: Building] INFO  o.e.m.c.i.embedder.EclipseLogger - Using 'UTF-8' encoding to copy filtered resources.
2024-03-14 23:50:18,317 [Worker-18: Building] INFO  o.e.m.c.i.embedder.EclipseLogger - skip non existing resourceDirectory E:\jdbc prg\hirbranate 1\Hb4\src\test\resources
2024-03-14 23:51:42,994 [Worker-20: Building] INFO  o.e.m.c.i.embedder.EclipseLogger - Using 'UTF-8' encoding to copy filtered resources.
2024-03-14 23:51:42,994 [Worker-20: Building] INFO  o.e.m.c.i.embedder.EclipseLogger - skip non existing resourceDirectory E:\jdbc prg\hirbranate 1\Hb4\src\main\resources
2024-03-14 23:51:42,998 [Worker-20: Building] INFO  o.e.m.c.i.embedder.EclipseLogger - Using 'UTF-8' encoding to copy filtered resources.
2024-03-14 23:51:42,998 [Worker-20: Building] INFO  o.e.m.c.i.embedder.EclipseLogger - skip non existing resourceDirectory E:\jdbc prg\hirbranate 1\Hb4\src\test\resources
2024-03-14 23:52:01,546 [Worker-22: Building] INFO  o.e.m.c.i.embedder.EclipseLogger - Using 'UTF-8' encoding to copy filtered resources.
2024-03-14 23:52:01,546 [Worker-22: Building] INFO  o.e.m.c.i.embedder.EclipseLogger - skip non existing resourceDirectory E:\jdbc prg\hirbranate 1\Hb4\src\main\resources
2024-03-14 23:52:01,549 [Worker-22: Building] INFO  o.e.m.c.i.embedder.EclipseLogger - Using 'UTF-8' encoding to copy filtered resources.
2024-03-14 23:52:01,549 [Worker-22: Building] INFO  o.e.m.c.i.embedder.EclipseLogger - skip non existing resourceDirectory E:\jdbc prg\hirbranate 1\Hb4\src\test\resources
2024-03-14 23:52:27,164 [Worker-18: Building] INFO  o.e.m.c.i.embedder.EclipseLogger - Using 'UTF-8' encoding to copy filtered resources.
2024-03-14 23:52:27,165 [Worker-18: Building] INFO  o.e.m.c.i.embedder.EclipseLogger - skip non existing resourceDirectory E:\jdbc prg\hirbranate 1\Hb4\src\main\resources
2024-03-14 23:52:27,167 [Worker-18: Building] INFO  o.e.m.c.i.embedder.EclipseLogger - Using 'UTF-8' encoding to copy filtered resources.
2024-03-14 23:52:27,167 [Worker-18: Building] INFO  o.e.m.c.i.embedder.EclipseLogger - skip non existing resourceDirectory E:\jdbc prg\hirbranate 1\Hb4\src\test\resources
2024-03-14 23:53:19,933 [Worker-20: Building] INFO  o.e.m.c.i.embedder.EclipseLogger - Using 'UTF-8' encoding to copy filtered resources.
2024-03-14 23:53:19,934 [Worker-20: Building] INFO  o.e.m.c.i.embedder.EclipseLogger - skip non existing resourceDirectory E:\jdbc prg\hirbranate 1\Hb4\src\main\resources
2024-03-14 23:53:19,936 [Worker-20: Building] INFO  o.e.m.c.i.embedder.EclipseLogger - Using 'UTF-8' encoding to copy filtered resources.
2024-03-14 23:53:19,936 [Worker-20: Building] INFO  o.e.m.c.i.embedder.EclipseLogger - skip non existing resourceDirectory E:\jdbc prg\hirbranate 1\Hb4\src\test\resources
2024-03-14 23:53:56,329 [Worker-24: Building] INFO  o.e.m.c.i.embedder.EclipseLogger - Using 'UTF-8' encoding to copy filtered resources.
2024-03-14 23:53:56,330 [Worker-24: Building] INFO  o.e.m.c.i.embedder.EclipseLogger - skip non existing resourceDirectory E:\jdbc prg\hirbranate 1\Hb4\src\main\resources
2024-03-14 23:53:56,333 [Worker-24: Building] INFO  o.e.m.c.i.embedder.EclipseLogger - Using 'UTF-8' encoding to copy filtered resources.
2024-03-14 23:53:56,333 [Worker-24: Building] INFO  o.e.m.c.i.embedder.EclipseLogger - skip non existing resourceDirectory E:\jdbc prg\hirbranate 1\Hb4\src\test\resources
2024-03-15 13:43:17,800 [Worker-3: Loading available Gradle versions] INFO  o.e.b.c.i.u.g.PublishedGradleVersions - Gradle version information cache is up-to-date. Trying to read.
2024-03-15 14:22:14,754 [Worker-15: Building] INFO  o.e.m.c.i.embedder.EclipseLogger - Using 'UTF-8' encoding to copy filtered resources.
2024-03-15 14:22:14,756 [Worker-15: Building] INFO  o.e.m.c.i.embedder.EclipseLogger - skip non existing resourceDirectory E:\jdbc prg\hirbranate 1\Hb5\src\main\resources
2024-03-15 14:22:14,763 [Worker-15: Building] INFO  o.e.m.c.i.embedder.EclipseLogger - Using 'UTF-8' encoding to copy filtered resources.
2024-03-15 14:22:14,763 [Worker-15: Building] INFO  o.e.m.c.i.embedder.EclipseLogger - skip non existing resourceDirectory E:\jdbc prg\hirbranate 1\Hb5\src\test\resources
2024-03-15 14:22:49,514 [Worker-17: Building] INFO  o.e.m.c.i.embedder.EclipseLogger - Using 'UTF-8' encoding to copy filtered resources.
2024-03-15 14:22:49,515 [Worker-17: Building] INFO  o.e.m.c.i.embedder.EclipseLogger - skip non existing resourceDirectory E:\jdbc prg\hirbranate 1\Hb5\src\main\resources
2024-03-15 14:22:49,519 [Worker-17: Building] INFO  o.e.m.c.i.embedder.EclipseLogger - Using 'UTF-8' encoding to copy filtered resources.
2024-03-15 14:22:49,519 [Worker-17: Building] INFO  o.e.m.c.i.embedder.EclipseLogger - skip non existing resourceDirectory E:\jdbc prg\hirbranate 1\Hb5\src\test\resources
2024-03-15 14:23:56,091 [Worker-19: Building] INFO  o.e.m.c.i.embedder.EclipseLogger - Using 'UTF-8' encoding to copy filtered resources.
2024-03-15 14:23:56,092 [Worker-19: Building] INFO  o.e.m.c.i.embedder.EclipseLogger - skip non existing resourceDirectory E:\jdbc prg\hirbranate 1\Hb5\src\main\resources
2024-03-15 14:23:56,095 [Worker-19: Building] INFO  o.e.m.c.i.embedder.EclipseLogger - Using 'UTF-8' encoding to copy filtered resources.
2024-03-15 14:23:56,095 [Worker-19: Building] INFO  o.e.m.c.i.embedder.EclipseLogger - skip non existing resourceDirectory E:\jdbc prg\hirbranate 1\Hb5\src\test\resources
2024-03-15 14:25:30,877 [Worker-18: Building] INFO  o.e.m.c.i.embedder.EclipseLogger - Using 'UTF-8' encoding to copy filtered resources.
2024-03-15 14:25:30,878 [Worker-18: Building] INFO  o.e.m.c.i.embedder.EclipseLogger - skip non existing resourceDirectory E:\jdbc prg\hirbranate 1\Hb5\src\main\resources
2024-03-15 14:25:30,881 [Worker-18: Building] INFO  o.e.m.c.i.embedder.EclipseLogger - Using 'UTF-8' encoding to copy filtered resources.
2024-03-15 14:25:30,882 [Worker-18: Building] INFO  o.e.m.c.i.embedder.EclipseLogger - skip non existing resourceDirectory E:\jdbc prg\hirbranate 1\Hb5\src\test\resources
2024-03-15 14:27:46,525 [Worker-21: Building] INFO  o.e.m.c.i.embedder.EclipseLogger - Using 'UTF-8' encoding to copy filtered resources.
2024-03-15 14:27:46,525 [Worker-21: Building] INFO  o.e.m.c.i.embedder.EclipseLogger - skip non existing resourceDirectory E:\jdbc prg\hirbranate 1\Hb5\src\main\resources
2024-03-15 14:27:46,528 [Worker-21: Building] INFO  o.e.m.c.i.embedder.EclipseLogger - Using 'UTF-8' encoding to copy filtered resources.
2024-03-15 14:27:46,529 [Worker-21: Building] INFO  o.e.m.c.i.embedder.EclipseLogger - skip non existing resourceDirectory E:\jdbc prg\hirbranate 1\Hb5\src\test\resources
2024-03-15 14:28:43,003 [Worker-21: Building] INFO  o.e.m.c.i.embedder.EclipseLogger - Using 'UTF-8' encoding to copy filtered resources.
2024-03-15 14:28:43,003 [Worker-21: Building] INFO  o.e.m.c.i.embedder.EclipseLogger - skip non existing resourceDirectory E:\jdbc prg\hirbranate 1\Hb5\src\main\resources
2024-03-15 14:28:43,007 [Worker-21: Building] INFO  o.e.m.c.i.embedder.EclipseLogger - Using 'UTF-8' encoding to copy filtered resources.
2024-03-15 14:28:43,007 [Worker-21: Building] INFO  o.e.m.c.i.embedder.EclipseLogger - skip non existing resourceDirectory E:\jdbc prg\hirbranate 1\Hb5\src\test\resources
2024-03-15 14:29:47,991 [Worker-19: Building] INFO  o.e.m.c.i.embedder.EclipseLogger - Using 'UTF-8' encoding to copy filtered resources.
2024-03-15 14:29:47,991 [Worker-19: Building] INFO  o.e.m.c.i.embedder.EclipseLogger - skip non existing resourceDirectory E:\jdbc prg\hirbranate 1\Hb5\src\main\resources
2024-03-15 14:29:47,997 [Worker-19: Building] INFO  o.e.m.c.i.embedder.EclipseLogger - Using 'UTF-8' encoding to copy filtered resources.
2024-03-15 14:29:47,997 [Worker-19: Building] INFO  o.e.m.c.i.embedder.EclipseLogger - skip non existing resourceDirectory E:\jdbc prg\hirbranate 1\Hb5\src\test\resources
2024-03-15 14:31:08,339 [Worker-15: Building] INFO  o.e.m.c.i.embedder.EclipseLogger - Using 'UTF-8' encoding to copy filtered resources.
2024-03-15 14:31:08,339 [Worker-15: Building] INFO  o.e.m.c.i.embedder.EclipseLogger - skip non existing resourceDirectory E:\jdbc prg\hirbranate 1\Hb5\src\main\resources
2024-03-15 14:31:08,343 [Worker-15: Building] INFO  o.e.m.c.i.embedder.EclipseLogger - Using 'UTF-8' encoding to copy filtered resources.
2024-03-15 14:31:08,343 [Worker-15: Building] INFO  o.e.m.c.i.embedder.EclipseLogger - skip non existing resourceDirectory E:\jdbc prg\hirbranate 1\Hb5\src\test\resources
2024-03-15 14:31:50,334 [Worker-20: Building] INFO  o.e.m.c.i.embedder.EclipseLogger - Using 'UTF-8' encoding to copy filtered resources.
2024-03-15 14:31:50,335 [Worker-20: Building] INFO  o.e.m.c.i.embedder.EclipseLogger - skip non existing resourceDirectory E:\jdbc prg\hirbranate 1\Hb5\src\main\resources
2024-03-15 14:31:50,339 [Worker-20: Building] INFO  o.e.m.c.i.embedder.EclipseLogger - Using 'UTF-8' encoding to copy filtered resources.
2024-03-15 14:31:50,339 [Worker-20: Building] INFO  o.e.m.c.i.embedder.EclipseLogger - skip non existing resourceDirectory E:\jdbc prg\hirbranate 1\Hb5\src\test\resources
2024-03-15 14:32:05,756 [Worker-18: Building] INFO  o.e.m.c.i.embedder.EclipseLogger - Using 'UTF-8' encoding to copy filtered resources.
2024-03-15 14:32:05,757 [Worker-18: Building] INFO  o.e.m.c.i.embedder.EclipseLogger - skip non existing resourceDirectory E:\jdbc prg\hirbranate 1\Hb5\src\main\resources
2024-03-15 14:32:05,760 [Worker-18: Building] INFO  o.e.m.c.i.embedder.EclipseLogger - Using 'UTF-8' encoding to copy filtered resources.
2024-03-15 14:32:05,760 [Worker-18: Building] INFO  o.e.m.c.i.embedder.EclipseLogger - skip non existing resourceDirectory E:\jdbc prg\hirbranate 1\Hb5\src\test\resources
2024-03-15 14:32:17,828 [Worker-17: Building] INFO  o.e.m.c.i.embedder.EclipseLogger - Using 'UTF-8' encoding to copy filtered resources.
2024-03-15 14:32:17,828 [Worker-17: Building] INFO  o.e.m.c.i.embedder.EclipseLogger - skip non existing resourceDirectory E:\jdbc prg\hirbranate 1\Hb5\src\main\resources
2024-03-15 14:32:17,831 [Worker-17: Building] INFO  o.e.m.c.i.embedder.EclipseLogger - Using 'UTF-8' encoding to copy filtered resources.
2024-03-15 14:32:17,831 [Worker-17: Building] INFO  o.e.m.c.i.embedder.EclipseLogger - skip non existing resourceDirectory E:\jdbc prg\hirbranate 1\Hb5\src\test\resources
2024-03-15 14:32:47,754 [Worker-19: Building] INFO  o.e.m.c.i.embedder.EclipseLogger - Using 'UTF-8' encoding to copy filtered resources.
2024-03-15 14:32:47,754 [Worker-19: Building] INFO  o.e.m.c.i.embedder.EclipseLogger - skip non existing resourceDirectory E:\jdbc prg\hirbranate 1\Hb5\src\main\resources
2024-03-15 14:32:47,758 [Worker-19: Building] INFO  o.e.m.c.i.embedder.EclipseLogger - Using 'UTF-8' encoding to copy filtered resources.
2024-03-15 14:32:47,758 [Worker-19: Building] INFO  o.e.m.c.i.embedder.EclipseLogger - skip non existing resourceDirectory E:\jdbc prg\hirbranate 1\Hb5\src\test\resources
2024-03-15 14:34:03,073 [Worker-20: Building] INFO  o.e.m.c.i.embedder.EclipseLogger - Using 'UTF-8' encoding to copy filtered resources.
2024-03-15 14:34:03,073 [Worker-20: Building] INFO  o.e.m.c.i.embedder.EclipseLogger - skip non existing resourceDirectory E:\jdbc prg\hirbranate 1\Hb5\src\main\resources
2024-03-15 14:34:03,077 [Worker-20: Building] INFO  o.e.m.c.i.embedder.EclipseLogger - Using 'UTF-8' encoding to copy filtered resources.
2024-03-15 14:34:03,078 [Worker-20: Building] INFO  o.e.m.c.i.embedder.EclipseLogger - skip non existing resourceDirectory E:\jdbc prg\hirbranate 1\Hb5\src\test\resources
2024-03-15 14:34:48,381 [Worker-3: Loading available Gradle versions] INFO  o.e.b.c.i.u.g.PublishedGradleVersions - Gradle version information cache is up-to-date. Trying to read.
2024-03-15 14:40:00,288 [Worker-13: Building] INFO  o.e.m.c.i.embedder.EclipseLogger - Using 'UTF-8' encoding to copy filtered resources.
2024-03-15 14:40:00,294 [Worker-13: Building] INFO  o.e.m.c.i.embedder.EclipseLogger - skip non existing resourceDirectory E:\jdbc prg\hirbranate 1\Hb5\src\main\resources
2024-03-15 14:40:00,322 [Worker-13: Building] INFO  o.e.m.c.i.embedder.EclipseLogger - Using 'UTF-8' encoding to copy filtered resources.
2024-03-15 14:40:00,323 [Worker-13: Building] INFO  o.e.m.c.i.embedder.EclipseLogger - skip non existing resourceDirectory E:\jdbc prg\hirbranate 1\Hb5\src\test\resources
2024-03-15 14:40:37,734 [Worker-14: Building] INFO  o.e.m.c.i.embedder.EclipseLogger - Using 'UTF-8' encoding to copy filtered resources.
2024-03-15 14:40:37,734 [Worker-14: Building] INFO  o.e.m.c.i.embedder.EclipseLogger - skip non existing resourceDirectory E:\jdbc prg\hirbranate 1\Hb5\src\main\resources
2024-03-15 14:40:37,738 [Worker-14: Building] INFO  o.e.m.c.i.embedder.EclipseLogger - Using 'UTF-8' encoding to copy filtered resources.
2024-03-15 14:40:37,738 [Worker-14: Building] INFO  o.e.m.c.i.embedder.EclipseLogger - skip non existing resourceDirectory E:\jdbc prg\hirbranate 1\Hb5\src\test\resources
2024-03-15 14:41:16,222 [Worker-14: Building] INFO  o.e.m.c.i.embedder.EclipseLogger - Using 'UTF-8' encoding to copy filtered resources.
2024-03-15 14:41:16,222 [Worker-14: Building] INFO  o.e.m.c.i.embedder.EclipseLogger - skip non existing resourceDirectory E:\jdbc prg\hirbranate 1\Hb5\src\main\resources
2024-03-15 14:41:16,226 [Worker-14: Building] INFO  o.e.m.c.i.embedder.EclipseLogger - Using 'UTF-8' encoding to copy filtered resources.
2024-03-15 14:41:16,226 [Worker-14: Building] INFO  o.e.m.c.i.embedder.EclipseLogger - skip non existing resourceDirectory E:\jdbc prg\hirbranate 1\Hb5\src\test\resources
2024-03-15 14:47:18,400 [Worker-16: Building] INFO  o.e.m.c.i.embedder.EclipseLogger - Using 'UTF-8' encoding to copy filtered resources.
2024-03-15 14:47:18,400 [Worker-16: Building] INFO  o.e.m.c.i.embedder.EclipseLogger - skip non existing resourceDirectory E:\jdbc prg\hirbranate 1\Hb5\src\main\resources
2024-03-15 14:47:18,404 [Worker-16: Building] INFO  o.e.m.c.i.embedder.EclipseLogger - Using 'UTF-8' encoding to copy filtered resources.
2024-03-15 14:47:18,405 [Worker-16: Building] INFO  o.e.m.c.i.embedder.EclipseLogger - skip non existing resourceDirectory E:\jdbc prg\hirbranate 1\Hb5\src\test\resources
2024-03-15 14:48:07,699 [Worker-17: Building] INFO  o.e.m.c.i.embedder.EclipseLogger - Using 'UTF-8' encoding to copy filtered resources.
2024-03-15 14:48:07,700 [Worker-17: Building] INFO  o.e.m.c.i.embedder.EclipseLogger - skip non existing resourceDirectory E:\jdbc prg\hirbranate 1\Hb5\src\main\resources
2024-03-15 14:48:07,704 [Worker-17: Building] INFO  o.e.m.c.i.embedder.EclipseLogger - Using 'UTF-8' encoding to copy filtered resources.
2024-03-15 14:48:07,704 [Worker-17: Building] INFO  o.e.m.c.i.embedder.EclipseLogger - skip non existing resourceDirectory E:\jdbc prg\hirbranate 1\Hb5\src\test\resources
2024-03-15 14:48:52,949 [Worker-15: Building] INFO  o.e.m.c.i.embedder.EclipseLogger - Using 'UTF-8' encoding to copy filtered resources.
2024-03-15 14:48:52,949 [Worker-15: Building] INFO  o.e.m.c.i.embedder.EclipseLogger - skip non existing resourceDirectory E:\jdbc prg\hirbranate 1\Hb5\src\main\resources
2024-03-15 14:48:52,954 [Worker-15: Building] INFO  o.e.m.c.i.embedder.EclipseLogger - Using 'UTF-8' encoding to copy filtered resources.
2024-03-15 14:48:52,954 [Worker-15: Building] INFO  o.e.m.c.i.embedder.EclipseLogger - skip non existing resourceDirectory E:\jdbc prg\hirbranate 1\Hb5\src\test\resources
2024-03-15 14:49:02,665 [Worker-13: Building] INFO  o.e.m.c.i.embedder.EclipseLogger - Using 'UTF-8' encoding to copy filtered resources.
2024-03-15 14:49:02,665 [Worker-13: Building] INFO  o.e.m.c.i.embedder.EclipseLogger - skip non existing resourceDirectory E:\jdbc prg\hirbranate 1\Hb5\src\main\resources
2024-03-15 14:49:02,668 [Worker-13: Building] INFO  o.e.m.c.i.embedder.EclipseLogger - Using 'UTF-8' encoding to copy filtered resources.
2024-03-15 14:49:02,668 [Worker-13: Building] INFO  o.e.m.c.i.embedder.EclipseLogger - skip non existing resourceDirectory E:\jdbc prg\hirbranate 1\Hb5\src\test\resources
2024-03-15 14:52:21,901 [Worker-17: Building] INFO  o.e.m.c.i.embedder.EclipseLogger - Using 'UTF-8' encoding to copy filtered resources.
2024-03-15 14:52:21,901 [Worker-17: Building] INFO  o.e.m.c.i.embedder.EclipseLogger - skip non existing resourceDirectory E:\jdbc prg\hirbranate 1\Hb5\src\main\resources
2024-03-15 14:52:21,905 [Worker-17: Building] INFO  o.e.m.c.i.embedder.EclipseLogger - Using 'UTF-8' encoding to copy filtered resources.
2024-03-15 14:52:21,905 [Worker-17: Building] INFO  o.e.m.c.i.embedder.EclipseLogger - skip non existing resourceDirectory E:\jdbc prg\hirbranate 1\Hb5\src\test\resources
2024-03-15 14:53:09,335 [Worker-21: Building] INFO  o.e.m.c.i.embedder.EclipseLogger - Using 'UTF-8' encoding to copy filtered resources.
2024-03-15 14:53:09,336 [Worker-21: Building] INFO  o.e.m.c.i.embedder.EclipseLogger - skip non existing resourceDirectory E:\jdbc prg\hirbranate 1\Hb5\src\main\resources
2024-03-15 14:53:09,341 [Worker-21: Building] INFO  o.e.m.c.i.embedder.EclipseLogger - Using 'UTF-8' encoding to copy filtered resources.
2024-03-15 14:53:09,342 [Worker-21: Building] INFO  o.e.m.c.i.embedder.EclipseLogger - skip non existing resourceDirectory E:\jdbc prg\hirbranate 1\Hb5\src\test\resources
2024-03-15 14:54:12,324 [Worker-21: Building] INFO  o.e.m.c.i.embedder.EclipseLogger - Using 'UTF-8' encoding to copy filtered resources.
2024-03-15 14:54:12,324 [Worker-21: Building] INFO  o.e.m.c.i.embedder.EclipseLogger - skip non existing resourceDirectory E:\jdbc prg\hirbranate 1\Hb5\src\main\resources
2024-03-15 14:54:12,328 [Worker-21: Building] INFO  o.e.m.c.i.embedder.EclipseLogger - Using 'UTF-8' encoding to copy filtered resources.
2024-03-15 14:54:12,328 [Worker-21: Building] INFO  o.e.m.c.i.embedder.EclipseLogger - skip non existing resourceDirectory E:\jdbc prg\hirbranate 1\Hb5\src\test\resources
2024-03-15 14:54:38,545 [Worker-16: Building] INFO  o.e.m.c.i.embedder.EclipseLogger - Using 'UTF-8' encoding to copy filtered resources.
2024-03-15 14:54:38,545 [Worker-16: Building] INFO  o.e.m.c.i.embedder.EclipseLogger - skip non existing resourceDirectory E:\jdbc prg\hirbranate 1\Hb5\src\main\resources
2024-03-15 14:54:38,549 [Worker-16: Building] INFO  o.e.m.c.i.embedder.EclipseLogger - Using 'UTF-8' encoding to copy filtered resources.
2024-03-15 14:54:38,549 [Worker-16: Building] INFO  o.e.m.c.i.embedder.EclipseLogger - skip non existing resourceDirectory E:\jdbc prg\hirbranate 1\Hb5\src\test\resources
2024-03-15 14:54:58,999 [Worker-21: Building] INFO  o.e.m.c.i.embedder.EclipseLogger - Using 'UTF-8' encoding to copy filtered resources.
2024-03-15 14:54:59,000 [Worker-21: Building] INFO  o.e.m.c.i.embedder.EclipseLogger - skip non existing resourceDirectory E:\jdbc prg\hirbranate 1\Hb5\src\main\resources
2024-03-15 14:54:59,003 [Worker-21: Building] INFO  o.e.m.c.i.embedder.EclipseLogger - Using 'UTF-8' encoding to copy filtered resources.
2024-03-15 14:54:59,003 [Worker-21: Building] INFO  o.e.m.c.i.embedder.EclipseLogger - skip non existing resourceDirectory E:\jdbc prg\hirbranate 1\Hb5\src\test\resources
2024-03-15 14:58:24,805 [Worker-22: Building] INFO  o.e.m.c.i.embedder.EclipseLogger - Using 'UTF-8' encoding to copy filtered resources.
2024-03-15 14:58:24,805 [Worker-22: Building] INFO  o.e.m.c.i.embedder.EclipseLogger - skip non existing resourceDirectory E:\jdbc prg\hirbranate 1\Hb5\src\main\resources
2024-03-15 14:58:24,809 [Worker-22: Building] INFO  o.e.m.c.i.embedder.EclipseLogger - Using 'UTF-8' encoding to copy filtered resources.
2024-03-15 14:58:24,809 [Worker-22: Building] INFO  o.e.m.c.i.embedder.EclipseLogger - skip non existing resourceDirectory E:\jdbc prg\hirbranate 1\Hb5\src\test\resources
2024-03-15 14:59:12,042 [Worker-16: Building] INFO  o.e.m.c.i.embedder.EclipseLogger - Using 'UTF-8' encoding to copy filtered resources.
2024-03-15 14:59:12,042 [Worker-16: Building] INFO  o.e.m.c.i.embedder.EclipseLogger - skip non existing resourceDirectory E:\jdbc prg\hirbranate 1\Hb5\src\main\resources
2024-03-15 14:59:12,045 [Worker-16: Building] INFO  o.e.m.c.i.embedder.EclipseLogger - Using 'UTF-8' encoding to copy filtered resources.
2024-03-15 14:59:12,045 [Worker-16: Building] INFO  o.e.m.c.i.embedder.EclipseLogger - skip non existing resourceDirectory E:\jdbc prg\hirbranate 1\Hb5\src\test\resources
2024-03-15 14:59:21,507 [Worker-22: Building] INFO  o.e.m.c.i.embedder.EclipseLogger - Using 'UTF-8' encoding to copy filtered resources.
2024-03-15 14:59:21,508 [Worker-22: Building] INFO  o.e.m.c.i.embedder.EclipseLogger - skip non existing resourceDirectory E:\jdbc prg\hirbranate 1\Hb5\src\main\resources
2024-03-15 14:59:21,511 [Worker-22: Building] INFO  o.e.m.c.i.embedder.EclipseLogger - Using 'UTF-8' encoding to copy filtered resources.
2024-03-15 14:59:21,511 [Worker-22: Building] INFO  o.e.m.c.i.embedder.EclipseLogger - skip non existing resourceDirectory E:\jdbc prg\hirbranate 1\Hb5\src\test\resources
2024-03-15 14:59:39,292 [Worker-17: Building] INFO  o.e.m.c.i.embedder.EclipseLogger - Using 'UTF-8' encoding to copy filtered resources.
2024-03-15 14:59:39,293 [Worker-17: Building] INFO  o.e.m.c.i.embedder.EclipseLogger - skip non existing resourceDirectory E:\jdbc prg\hirbranate 1\Hb5\src\main\resources
2024-03-15 14:59:39,297 [Worker-17: Building] INFO  o.e.m.c.i.embedder.EclipseLogger - Using 'UTF-8' encoding to copy filtered resources.
2024-03-15 14:59:39,297 [Worker-17: Building] INFO  o.e.m.c.i.embedder.EclipseLogger - skip non existing resourceDirectory E:\jdbc prg\hirbranate 1\Hb5\src\test\resources
2024-03-15 15:00:49,305 [Worker-22: Building] INFO  o.e.m.c.i.embedder.EclipseLogger - Using 'UTF-8' encoding to copy filtered resources.
2024-03-15 15:00:49,305 [Worker-22: Building] INFO  o.e.m.c.i.embedder.EclipseLogger - skip non existing resourceDirectory E:\jdbc prg\hirbranate 1\Hb5\src\main\resources
2024-03-15 15:00:49,308 [Worker-22: Building] INFO  o.e.m.c.i.embedder.EclipseLogger - Using 'UTF-8' encoding to copy filtered resources.
2024-03-15 15:00:49,309 [Worker-22: Building] INFO  o.e.m.c.i.embedder.EclipseLogger - skip non existing resourceDirectory E:\jdbc prg\hirbranate 1\Hb5\src\test\resources
2024-03-15 15:02:59,568 [Worker-22: Building] INFO  o.e.m.c.i.embedder.EclipseLogger - Using 'UTF-8' encoding to copy filtered resources.
2024-03-15 15:02:59,569 [Worker-22: Building] INFO  o.e.m.c.i.embedder.EclipseLogger - skip non existing resourceDirectory E:\jdbc prg\hirbranate 1\Hb5\src\main\resources
2024-03-15 15:02:59,572 [Worker-22: Building] INFO  o.e.m.c.i.embedder.EclipseLogger - Using 'UTF-8' encoding to copy filtered resources.
2024-03-15 15:02:59,572 [Worker-22: Building] INFO  o.e.m.c.i.embedder.EclipseLogger - skip non existing resourceDirectory E:\jdbc prg\hirbranate 1\Hb5\src\test\resources
2024-03-15 15:03:28,468 [Worker-24: Building] INFO  o.e.m.c.i.embedder.EclipseLogger - Using 'UTF-8' encoding to copy filtered resources.
2024-03-15 15:03:28,469 [Worker-24: Building] INFO  o.e.m.c.i.embedder.EclipseLogger - skip non existing resourceDirectory E:\jdbc prg\hirbranate 1\Hb5\src\main\resources
2024-03-15 15:03:28,471 [Worker-24: Building] INFO  o.e.m.c.i.embedder.EclipseLogger - Using 'UTF-8' encoding to copy filtered resources.
2024-03-15 15:03:28,472 [Worker-24: Building] INFO  o.e.m.c.i.embedder.EclipseLogger - skip non existing resourceDirectory E:\jdbc prg\hirbranate 1\Hb5\src\test\resources
2024-03-15 15:05:18,576 [Worker-22: Building] INFO  o.e.m.c.i.embedder.EclipseLogger - Using 'UTF-8' encoding to copy filtered resources.
2024-03-15 15:05:18,577 [Worker-22: Building] INFO  o.e.m.c.i.embedder.EclipseLogger - skip non existing resourceDirectory E:\jdbc prg\hirbranate 1\Hb5\src\main\resources
2024-03-15 15:05:18,583 [Worker-22: Building] INFO  o.e.m.c.i.embedder.EclipseLogger - Using 'UTF-8' encoding to copy filtered resources.
2024-03-15 15:05:18,583 [Worker-22: Building] INFO  o.e.m.c.i.embedder.EclipseLogger - skip non existing resourceDirectory E:\jdbc prg\hirbranate 1\Hb5\src\test\resources
2024-03-15 15:09:19,971 [Worker-25: Building] INFO  o.e.m.c.i.embedder.EclipseLogger - Using 'UTF-8' encoding to copy filtered resources.
2024-03-15 15:09:19,972 [Worker-25: Building] INFO  o.e.m.c.i.embedder.EclipseLogger - skip non existing resourceDirectory E:\jdbc prg\hirbranate 1\Hb5\src\main\resources
2024-03-15 15:09:19,976 [Worker-25: Building] INFO  o.e.m.c.i.embedder.EclipseLogger - Using 'UTF-8' encoding to copy filtered resources.
2024-03-15 15:09:19,976 [Worker-25: Building] INFO  o.e.m.c.i.embedder.EclipseLogger - skip non existing resourceDirectory E:\jdbc prg\hirbranate 1\Hb5\src\test\resources
2024-03-15 15:10:07,204 [Worker-25: Building] INFO  o.e.m.c.i.embedder.EclipseLogger - Using 'UTF-8' encoding to copy filtered resources.
2024-03-15 15:10:07,204 [Worker-25: Building] INFO  o.e.m.c.i.embedder.EclipseLogger - skip non existing resourceDirectory E:\jdbc prg\hirbranate 1\Hb5\src\main\resources
2024-03-15 15:10:07,208 [Worker-25: Building] INFO  o.e.m.c.i.embedder.EclipseLogger - Using 'UTF-8' encoding to copy filtered resources.
2024-03-15 15:10:07,208 [Worker-25: Building] INFO  o.e.m.c.i.embedder.EclipseLogger - skip non existing resourceDirectory E:\jdbc prg\hirbranate 1\Hb5\src\test\resources
2024-03-15 15:15:40,050 [Worker-24: Building] INFO  o.e.m.c.i.embedder.EclipseLogger - Using 'UTF-8' encoding to copy filtered resources.
2024-03-15 15:15:40,051 [Worker-24: Building] INFO  o.e.m.c.i.embedder.EclipseLogger - skip non existing resourceDirectory E:\jdbc prg\hirbranate 1\Hb5\src\main\resources
2024-03-15 15:15:40,054 [Worker-24: Building] INFO  o.e.m.c.i.embedder.EclipseLogger - Using 'UTF-8' encoding to copy filtered resources.
2024-03-15 15:15:40,054 [Worker-24: Building] INFO  o.e.m.c.i.embedder.EclipseLogger - skip non existing resourceDirectory E:\jdbc prg\hirbranate 1\Hb5\src\test\resources
2024-03-15 15:16:14,589 [Worker-23: Building] INFO  o.e.m.c.i.embedder.EclipseLogger - Using 'UTF-8' encoding to copy filtered resources.
2024-03-15 15:16:14,590 [Worker-23: Building] INFO  o.e.m.c.i.embedder.EclipseLogger - skip non existing resourceDirectory E:\jdbc prg\hirbranate 1\Hb5\src\main\resources
2024-03-15 15:16:14,592 [Worker-23: Building] INFO  o.e.m.c.i.embedder.EclipseLogger - Using 'UTF-8' encoding to copy filtered resources.
2024-03-15 15:16:14,593 [Worker-23: Building] INFO  o.e.m.c.i.embedder.EclipseLogger - skip non existing resourceDirectory E:\jdbc prg\hirbranate 1\Hb5\src\test\resources
2024-03-15 15:16:31,937 [Worker-28: Building] INFO  o.e.m.c.i.embedder.EclipseLogger - Using 'UTF-8' encoding to copy filtered resources.
2024-03-15 15:16:31,937 [Worker-28: Building] INFO  o.e.m.c.i.embedder.EclipseLogger - skip non existing resourceDirectory E:\jdbc prg\hirbranate 1\Hb5\src\main\resources
2024-03-15 15:16:31,941 [Worker-28: Building] INFO  o.e.m.c.i.embedder.EclipseLogger - Using 'UTF-8' encoding to copy filtered resources.
2024-03-15 15:16:31,941 [Worker-28: Building] INFO  o.e.m.c.i.embedder.EclipseLogger - skip non existing resourceDirectory E:\jdbc prg\hirbranate 1\Hb5\src\test\resources
2024-03-15 15:17:30,123 [Worker-27: Building] INFO  o.e.m.c.i.embedder.EclipseLogger - Using 'UTF-8' encoding to copy filtered resources.
2024-03-15 15:17:30,123 [Worker-27: Building] INFO  o.e.m.c.i.embedder.EclipseLogger - skip non existing resourceDirectory E:\jdbc prg\hirbranate 1\Hb5\src\main\resources
2024-03-15 15:17:30,126 [Worker-27: Building] INFO  o.e.m.c.i.embedder.EclipseLogger - Using 'UTF-8' encoding to copy filtered resources.
2024-03-15 15:17:30,126 [Worker-27: Building] INFO  o.e.m.c.i.embedder.EclipseLogger - skip non existing resourceDirectory E:\jdbc prg\hirbranate 1\Hb5\src\test\resources
2024-03-15 15:17:51,163 [Worker-24: Building] INFO  o.e.m.c.i.embedder.EclipseLogger - Using 'UTF-8' encoding to copy filtered resources.
2024-03-15 15:17:51,164 [Worker-24: Building] INFO  o.e.m.c.i.embedder.EclipseLogger - skip non existing resourceDirectory E:\jdbc prg\hirbranate 1\Hb5\src\main\resources
2024-03-15 15:17:51,166 [Worker-24: Building] INFO  o.e.m.c.i.embedder.EclipseLogger - Using 'UTF-8' encoding to copy filtered resources.
2024-03-15 15:17:51,166 [Worker-24: Building] INFO  o.e.m.c.i.embedder.EclipseLogger - skip non existing resourceDirectory E:\jdbc prg\hirbranate 1\Hb5\src\test\resources
2024-03-15 15:29:31,433 [Worker-33: Building] INFO  o.e.m.c.i.embedder.EclipseLogger - Using 'UTF-8' encoding to copy filtered resources.
2024-03-15 15:29:31,434 [Worker-33: Building] INFO  o.e.m.c.i.embedder.EclipseLogger - skip non existing resourceDirectory E:\jdbc prg\hirbranate 1\Hb5\src\main\resources
2024-03-15 15:29:31,436 [Worker-33: Building] INFO  o.e.m.c.i.embedder.EclipseLogger - Using 'UTF-8' encoding to copy filtered resources.
2024-03-15 15:29:31,436 [Worker-33: Building] INFO  o.e.m.c.i.embedder.EclipseLogger - skip non existing resourceDirectory E:\jdbc prg\hirbranate 1\Hb5\src\test\resources
